Protocollo;Gruppo;DataOraIncidente;Localizzazione1;STRADA1;Localizzazione2;STRADA2;Strada02;Chilometrica;DaSpecificare;NaturaIncidente;particolaritastrade;TipoStrada;FondoStradale;Pavimentazione;Segnaletica;CondizioneAtmosferica;Traffico;Visibilita;Illuminazione;NUM_FERITI;NUM_RISERVATA;NUM_MORTI;NUM_ILLESI;Longitude;Latitude;Confermato;Progressivo;TipoVeicolo;StatoVeicolo;TipoPersona;Sesso;Tipolesione;Deceduto;DecedutoDopo;CinturaCascoUtilizzato;Airbag;
5264042;11;02/02/2021 07:35:00;Strada Urbana;CIRCONVALLAZIONE OSTIENSE;all'intersezione con;VIALE SETTIMIA SPIZZICHINO;VIALE SETTIMIA SPIZZICHINO;;;Infortunio per sola frenata improvvisa;Intersezione semaforizzata;Due carreggiate;Asciutto;Asfaltata;Verticale ed orizzontale;Sereno;Normale;Buona;;1;0;0;1;12.4844;41.8673;-1;2;Motociclo a solo;In marcia / fermata / arresto;Conducente;M;Rimandato;0;NON DECEDUTO;;
5264043;19;02/02/2021 10:45:00;Strada Urbana;VIA DI CASAL DEL MARMO;in prossimità;;del civico n.;183;;Veicolo in marcia contro veicolo in sosta;Rettilineo;Una carreggiata a doppio senso;Asciutto;Asfaltata;Assente;Sereno;Normale;Buona;;0;0;0;1;12.4056;41.9586;-1;1;Autovettura privata;Sosta;;;;;;;
5264043;19;02/02/2021 10:45:00;Strada Urbana;VIA DI CASAL DEL MARMO;in prossimità;;del civico n.;183;;Veicolo in marcia contro veicolo in sosta;Rettilineo;Una carreggiata a doppio senso;Asciutto;Asfaltata;Assente;Sereno;Normale;Buona;;0;0;0;1;12.4056;41.9586;-1;2;Autovettura privata;In marcia / fermata / arresto;Conducente;F;Illeso;0;;;
5264044;8;02/02/2021 18:45:00;Strada Urbana;VIA LUIGI GASTINELLI;in corrispondenza;;del civico n.;214;;Scontro laterale fra veicoli in marcia;Rettilineo;Una carreggiata a senso unico di marcia;Asciutto;Asfaltata;Verticale ed orizzontale;Sereno;Scarso;Sufficiente;;0;0;0;2;12.6582;41.9026;-1;1;Autovettura privata;In marcia / fermata / arresto;Conducente;M;Illeso;0;;Non accertato;Inesploso
5264044;8;02/02/2021 18:45:00;Strada Urbana;VIA LUIGI GASTINELLI;in corrispondenza;;del civico n.;214;;Scontro laterale fra veicoli in marcia;Rettilineo;Una carreggiata a senso unico di marcia;Asciutto;Asfaltata;Verticale ed orizzontale;Sereno;Scarso;Sufficiente;;0;0;0;2;12.6582;41.9026;-1;2;Autovettura privata;In marcia / fermata / arresto;Conducente;M;Illeso;0;;Non accertato;Inesploso
5264044;8;02/02/2021 18:45:00;Strada Urbana;VIA LUIGI GASTINELLI;in corrispondenza;;del civico n.;214;;Scontro laterale fra veicoli in marcia;Rettilineo;Una carreggiata a senso unico di marcia;Asciutto;Asfaltata;Verticale ed orizzontale;Sereno;Scarso;Sufficiente;;0;0;0;2;12.6582;41.9026;-1;3;Autovettura privata;Sosta;;;;;;;
5264044;8;02/02/2021 18:45:00;Strada Urbana;VIA LUIGI GASTINELLI;in corrispondenza;;del civico n.;214;;Scontro laterale fra veicoli in marcia;Rettilineo;Una carreggiata a senso unico di marcia;Asciutto;Asfaltata;Verticale ed orizzontale;Sereno;Scarso;Sufficiente;;0;0;0;2;12.6582;41.9026;-1;4;Autovettura privata;Sosta;;;;;;;
5264046;8;02/02/2021 11:05:00;Strada Urbana;VIA ALTOFONTE;in prossimità;;del civico n.;49;;Scontro laterale fra veicoli in marcia;Rettilineo;Una carreggiata a senso unico di marcia;Asciutto;Asfaltata;Assente;Sereno;Scarso;Buona;;0;0;0;3;12.6683;41.8624;-1;1;Autovettura privata;In marcia / fermata / arresto;Conducente;M;Illeso;0;;Non accertato;Inesploso
5264046;8;02/02/2021 11:05:00;Strada Urbana;VIA ALTOFONTE;in prossimità;;del civico n.;49;;Scontro laterale fra veicoli in marcia;Rettilineo;Una carreggiata a senso unico di marcia;Asciutto;Asfaltata;Assente;Sereno;Scarso;Buona;;0;0;0;3;12.6683;41.8624;-1;1;Autovettura privata;In marcia / fermata / arresto;Passeggero;F;Illeso;0;;Non accertato;Inesploso
5264046;8;02/02/2021 11:05:00;Strada Urbana;VIA ALTOFONTE;in prossimità;;del civico n.;49;;Scontro laterale fra veicoli in marcia;Rettilineo;Una carreggiata a senso unico di marcia;Asciutto;Asfaltata;Assente;Sereno;Scarso;Buona;;0;0;0;3;12.6683;41.8624;-1;2;Autovettura privata;In marcia / fermata / arresto;Conducente;M;Illeso;0;;Non accertato;Inesploso
5264051;19;02/02/2021 08:15:00;Strada Urbana;VIA ACHILLE MAURI;in prossimità;;del civico n.;1a;;Veicolo in marcia contro ostacolo fisso;Curva senza visuale libera;Una carreggiata a senso unico di marcia;Asciutto;Asfaltata;Verticale;Sereno;Scarso;Buona;;0;0;0;1;12.4259;41.9459;-1;1;Autovettura privata;In marcia / fermata / arresto;Conducente;M;Illeso;0;;Non accertato;Inesploso
5264064;17;02/02/2021 13:35:00;Strada Urbana;PIAZZA GIUSEPPE MAZZINI;da specificare;;;;altezza via BROFFERIO;Scontro laterale fra veicoli in marcia;Rettilineo;Una carreggiata a senso unico di marcia;Asciutto;Asfaltata;Verticale ed orizzontale;Sereno;Normale;Buona;;0;0;0;2;12.4636;41.9154;-1;1;Autovettura pubblica;In marcia / fermata / arresto;Conducente;M;Illeso;0;;;
5264064;17;02/02/2021 13:35:00;Strada Urbana;PIAZZA GIUSEPPE MAZZINI;da specificare;;;;altezza via BROFFERIO;Scontro laterale fra veicoli in marcia;Rettilineo;Una carreggiata a senso unico di marcia;Asciutto;Asfaltata;Verticale ed orizzontale;Sereno;Normale;Buona;;0;0;0;2;12.4636;41.9154;-1;2;Autovettura privata;In marcia / fermata / arresto;Conducente;F;Illeso;0;;;
5264082;11;02/02/2021 10:20:00;Strada Urbana;VIA CRISTOFORO COLOMBO;in corrispondenza;;del civico n.;193;;Scontro frontale/laterale DX fra veicoli in marcia;Rettilineo;Più di due carreggiate;Asciutto;Asfaltata;Verticale ed orizzontale;Sereno;Normale;Buona;;0;0;0;2;12.4988;41.8629;-1;1;Autovettura privata;In marcia / fermata / arresto;Conducente;M;Illeso;0;;Non accertato;
5264082;11;02/02/2021 10:20:00;Strada Urbana;VIA CRISTOFORO COLOMBO;in corrispondenza;;del civico n.;193;;Scontro frontale/laterale DX fra veicoli in marcia;Rettilineo;Più di due carreggiate;Asciutto;Asfaltata;Verticale ed orizzontale;Sereno;Normale;Buona;;0;0;0;2;12.4988;41.8629;-1;2;Autovettura privata;In marcia / fermata / arresto;Conducente;M;Illeso;0;;Non accertato;
5264102;18;02/02/2021 16:50:00;Strada Urbana;PIAZZA PIO XI;da specificare;;;;fronte civico 51;Scontro laterale fra veicoli in marcia;Rettilineo;Una carreggiata a doppio senso;Asciutto;Asfaltata;Verticale ed orizzontale;Sereno;Normale;Sufficiente;;0;0;0;3;12.4371;41.8942;-1;1;Autovettura privata;In marcia / fermata / arresto;Conducente;F;Illeso;0;;Non accertato;Inesploso
5264102;18;02/02/2021 16:50:00;Strada Urbana;PIAZZA PIO XI;da specificare;;;;fronte civico 51;Scontro laterale fra veicoli in marcia;Rettilineo;Una carreggiata a doppio senso;Asciutto;Asfaltata;Verticale ed orizzontale;Sereno;Normale;Sufficiente;;0;0;0;3;12.4371;41.8942;-1;2;Autovettura privata;In marcia / fermata / arresto;Conducente;F;Illeso;0;;Non accertato;Inesploso
5264102;18;02/02/2021 16:50:00;Strada Urbana;PIAZZA PIO XI;da specificare;;;;fronte civico 51;Scontro laterale fra veicoli in marcia;Rettilineo;Una carreggiata a doppio senso;Asciutto;Asfaltata;Verticale ed orizzontale;Sereno;Normale;Sufficiente;;0;0;0;3;12.4371;41.8942;-1;2;Autovettura privata;In marcia / fermata / arresto;Passeggero;M;Illeso;0;;Non accertato;Inesploso
5264111;13;02/02/2021 08:50:00;Strada Urbana;VIALE DEI ROMAGNOLI;da specificare;;;;ALTEZZA VIA C. LENORMANT;Tamponamento Multiplo;Rettilineo;Una carreggiata a doppio senso;Bagnato (umidità in atto);Asfaltata;Assente;Sereno;Intenso;Buona;;0;0;0;3;12.3356;41.7744;-1;1;Autovettura privata;In marcia / fermata / arresto;Conducente;M;Illeso;0;;Non accertato;Inesploso
5264111;13;02/02/2021 08:50:00;Strada Urbana;VIALE DEI ROMAGNOLI;da specificare;;;;ALTEZZA VIA C. LENORMANT;Tamponamento Multiplo;Rettilineo;Una carreggiata a doppio senso;Bagnato (umidità in atto);Asfaltata;Assente;Sereno;Intenso;Buona;;0;0;0;3;12.3356;41.7744;-1;2;Autocarro inferiore 35 q.;In marcia / fermata / arresto;Conducente;M;Illeso;0;;Non accertato;Inesploso
5264111;13;02/02/2021 08:50:00;Strada Urbana;VIALE DEI ROMAGNOLI;da specificare;;;;ALTEZZA VIA C. LENORMANT;Tamponamento Multiplo;Rettilineo;Una carreggiata a doppio senso;Bagnato (umidità in atto);Asfaltata;Assente;Sereno;Intenso;Buona;;0;0;0;3;12.3356;41.7744;-1;3;Autovettura privata;In marcia / fermata / arresto;Conducente;F;Illeso;0;;Non accertato;Inesploso
5264117;1;02/02/2021 18:50:00;;VIALE GUIDO BACCELLI;da specificare;;;;alt. palo acea 1777524 8° palo da inter. con via a;Veicolo in marcia contro ostacolo fisso;;;;;;;;;;1;0;0;0;;;0;1;Autovettura privata;In marcia / fermata / arresto;Conducente;M;Rimandato;0;NON DECEDUTO;;
5264132;11;02/02/2021 11:00:00;Strada Urbana;VIALE GUGLIELMO MARCONI;da specificare;;;;prossimità VIA T. C. ONESTI;Tamponamento Multiplo;Rettilineo;Due carreggiate;Asciutto;Asfaltata;Verticale ed orizzontale;Sereno;Intenso;Buona;;0;0;0;4;12.4713;41.8573;-1;1;Autovettura privata;In marcia / fermata / arresto;Conducente;F;Illeso;0;;Non accertato;
5264132;11;02/02/2021 11:00:00;Strada Urbana;VIALE GUGLIELMO MARCONI;da specificare;;;;prossimità VIA T. C. ONESTI;Tamponamento Multiplo;Rettilineo;Due carreggiate;Asciutto;Asfaltata;Verticale ed orizzontale;Sereno;Intenso;Buona;;0;0;0;4;12.4713;41.8573;-1;2;Autovettura privata;In marcia / fermata / arresto;Conducente;M;Illeso;0;;Utilizzato;
5264132;11;02/02/2021 11:00:00;Strada Urbana;VIALE GUGLIELMO MARCONI;da specificare;;;;prossimità VIA T. C. ONESTI;Tamponamento Multiplo;Rettilineo;Due carreggiate;Asciutto;Asfaltata;Verticale ed orizzontale;Sereno;Intenso;Buona;;0;0;0;4;12.4713;41.8573;-1;3;Motociclo con passeggero;In marcia / fermata / arresto;Conducente;F;Illeso;0;;Non accertato;
5264132;11;02/02/2021 11:00:00;Strada Urbana;VIALE GUGLIELMO MARCONI;da specificare;;;;prossimità VIA T. C. ONESTI;Tamponamento Multiplo;Rettilineo;Due carreggiate;Asciutto;Asfaltata;Verticale ed orizzontale;Sereno;Intenso;Buona;;0;0;0;4;12.4713;41.8573;-1;4;Autocarro inferiore 35 q.;In marcia / fermata / arresto;Conducente;M;Illeso;0;;;
5264146;20;02/02/2021 18:00:00;Strada Urbana;LUNGOTEVERE MARESCIALLO DIAZ;all'intersezione con;VIALE PAOLO BOSELLI;VIALE PAOLO BOSELLI;;;Scontro laterale fra veicoli in marcia;Intersezione non regolata/non segnalata;Due carreggiate;Asciutto;Asfaltata;Orizzontale;Sereno;Normale;Buona;;0;0;0;2;12.4606;41.933;-1;1;Autovettura privata;In marcia / fermata / arresto;Conducente;F;Illeso;0;;Non accertato;Inesploso
5264146;20;02/02/2021 18:00:00;Strada Urbana;LUNGOTEVERE MARESCIALLO DIAZ;all'intersezione con;VIALE PAOLO BOSELLI;VIALE PAOLO BOSELLI;;;Scontro laterale fra veicoli in marcia;Intersezione non regolata/non segnalata;Due carreggiate;Asciutto;Asfaltata;Orizzontale;Sereno;Normale;Buona;;0;0;0;2;12.4606;41.933;-1;2;Autovettura privata;In marcia / fermata / arresto;Conducente;M;Illeso;0;;Non accertato;Inesploso
5264153;20;02/02/2021 07:50:00;Strada Urbana;VIA CASSIA;all'intersezione con;VIA S. GIOVANNA ELISABETTA;VIA S. GIOVANNA ELISABETTA;;;Tamponamento;Intersezione stradale segnalata;Una carreggiata a doppio senso;Bagnato (umidità in atto);Asfaltata;Verticale ed orizzontale;Sereno;Intenso;Buona;;1;0;0;1;12.456;41.9575;-1;1;Autovettura privata;In marcia / fermata / arresto;Conducente;M;Illeso;0;;Non accertato;
5264153;20;02/02/2021 07:50:00;Strada Urbana;VIA CASSIA;all'intersezione con;VIA S. GIOVANNA ELISABETTA;VIA S. GIOVANNA ELISABETTA;;;Tamponamento;Intersezione stradale segnalata;Una carreggiata a doppio senso;Bagnato (umidità in atto);Asfaltata;Verticale ed orizzontale;Sereno;Intenso;Buona;;1;0;0;1;12.456;41.9575;-1;2;Ciclomotore;In marcia / fermata / arresto;Conducente;M;Rimandato;0;NON DECEDUTO;;
5264159;20;02/02/2021 08:00:00;Strada Urbana;VIA STEFANO DELLE CHIAJE;in corrispondenza;;del civico n.;13;;Investimento di pedone;Rettilineo;Una carreggiata a senso unico di marcia;Bagnato (umidità in atto);Asfaltata;Temporanea di cantiere;Sereno;Scarso;Buona;;1;0;0;2;12.4955;41.9851;-1;;;;Pedone;F;Rimandato;0;NON DECEDUTO;;
5264159;20;02/02/2021 08:00:00;Strada Urbana;VIA STEFANO DELLE CHIAJE;in corrispondenza;;del civico n.;13;;Investimento di pedone;Rettilineo;Una carreggiata a senso unico di marcia;Bagnato (umidità in atto);Asfaltata;Temporanea di cantiere;Sereno;Scarso;Buona;;1;0;0;2;12.4955;41.9851;-1;1;Autovettura privata;In marcia / fermata / arresto;Conducente;M;Illeso;0;;;
5264159;20;02/02/2021 08:00:00;Strada Urbana;VIA STEFANO DELLE CHIAJE;in corrispondenza;;del civico n.;13;;Investimento di pedone;Rettilineo;Una carreggiata a senso unico di marcia;Bagnato (umidità in atto);Asfaltata;Temporanea di cantiere;Sereno;Scarso;Buona;;1;0;0;2;12.4955;41.9851;-1;1;Autovettura privata;In marcia / fermata / arresto;Passeggero;F;Illeso;0;;;
5264172;17;02/02/2021 14:30:00;Strada Urbana;VIA DELLA CONCILIAZIONE;in prossimità;;del civico n.;16;;Veicolo in marcia contro veicolo in sosta;Rettilineo;Una carreggiata a senso unico di marcia;Asciutto;In cubetti di porfido;Verticale ed orizzontale;Sereno;Scarso;Buona;;0;0;0;1;12.4619;41.9025;-1;1;Autovettura privata;In marcia / fermata / arresto;Conducente;M;Illeso;0;;Non accertato;Inesploso
5264172;17;02/02/2021 14:30:00;Strada Urbana;VIA DELLA CONCILIAZIONE;in prossimità;;del civico n.;16;;Veicolo in marcia contro veicolo in sosta;Rettilineo;Una carreggiata a senso unico di marcia;Asciutto;In cubetti di porfido;Verticale ed orizzontale;Sereno;Scarso;Buona;;0;0;0;1;12.4619;41.9025;-1;2;Autovettura privata;Sosta;;;;;;;
5264172;17;02/02/2021 14:30:00;Strada Urbana;VIA DELLA CONCILIAZIONE;in prossimità;;del civico n.;16;;Veicolo in marcia contro veicolo in sosta;Rettilineo;Una carreggiata a senso unico di marcia;Asciutto;In cubetti di porfido;Verticale ed orizzontale;Sereno;Scarso;Buona;;0;0;0;1;12.4619;41.9025;-1;3;Autovettura privata;Sosta;;;;;;;
5264174;4;02/02/2021 05:45:00;Provinciale entro l'abitato;VIA NOMENTANA;in corrispondenza;;del civico n.;1141 A;;Veicolo in marcia contro animale;Rettilineo;Una carreggiata a doppio senso;Asciutto;Asfaltata;Verticale ed orizzontale;Sereno;Scarso;Sufficiente;;0;0;0;1;12.5775;41.9568;-1;1;Autovettura privata;In marcia / fermata / arresto;Conducente;M;Illeso;0;;Non accertato;Inesploso
5264177;18;02/02/2021 14:00:00;Strada Urbana;VIA DELLA DIVINA PROVVIDENZA;in prossimità;;del civico n.;41;;Scontro frontale/laterale SX fra veicoli in marcia;Rettilineo;Una carreggiata a doppio senso;Asciutto;Asfaltata;Verticale ed orizzontale;Sereno;Scarso;Buona;;1;0;0;1;12.4117;41.9004;-1;1;Motociclo a solo;In marcia / fermata / arresto;Conducente;M;Rimandato;0;NON DECEDUTO;;
5264177;18;02/02/2021 14:00:00;Strada Urbana;VIA DELLA DIVINA PROVVIDENZA;in prossimità;;del civico n.;41;;Scontro frontale/laterale SX fra veicoli in marcia;Rettilineo;Una carreggiata a doppio senso;Asciutto;Asfaltata;Verticale ed orizzontale;Sereno;Scarso;Buona;;1;0;0;1;12.4117;41.9004;-1;2;Autovettura privata;In marcia / fermata / arresto;Conducente;F;Illeso;0;;;
5264178;20;02/02/2021 15:00:00;Strada Urbana;LUNGOTEVERE MARESCIALLO DIAZ;in corrispondenza;;del civico n.;22;;Veicolo in marcia contro veicoli in sosta;Rettilineo;Due carreggiate;Asciutto;Asfaltata;Assente;Sereno;Normale;Buona;;0;0;0;2;12.4641;41.9355;-1;1;Quadriciclo leggero;In marcia / fermata / arresto;Conducente;M;Illeso;0;;Non accertato;
5264178;20;02/02/2021 15:00:00;Strada Urbana;LUNGOTEVERE MARESCIALLO DIAZ;in corrispondenza;;del civico n.;22;;Veicolo in marcia contro veicoli in sosta;Rettilineo;Due carreggiate;Asciutto;Asfaltata;Assente;Sereno;Normale;Buona;;0;0;0;2;12.4641;41.9355;-1;1;Quadriciclo leggero;In marcia / fermata / arresto;Passeggero;M;Illeso;0;;Non accertato;
5264178;20;02/02/2021 15:00:00;Strada Urbana;LUNGOTEVERE MARESCIALLO DIAZ;in corrispondenza;;del civico n.;22;;Veicolo in marcia contro veicoli in sosta;Rettilineo;Due carreggiate;Asciutto;Asfaltata;Assente;Sereno;Normale;Buona;;0;0;0;2;12.4641;41.9355;-1;2;Autovettura privata;Sosta;;;;;;;
5264178;20;02/02/2021 15:00:00;Strada Urbana;LUNGOTEVERE MARESCIALLO DIAZ;in corrispondenza;;del civico n.;22;;Veicolo in marcia contro veicoli in sosta;Rettilineo;Due carreggiate;Asciutto;Asfaltata;Assente;Sereno;Normale;Buona;;0;0;0;2;12.4641;41.9355;-1;3;Autovettura privata;Sosta;;;;;;;
5264178;20;02/02/2021 15:00:00;Strada Urbana;LUNGOTEVERE MARESCIALLO DIAZ;in corrispondenza;;del civico n.;22;;Veicolo in marcia contro veicoli in sosta;Rettilineo;Due carreggiate;Asciutto;Asfaltata;Assente;Sereno;Normale;Buona;;0;0;0;2;12.4641;41.9355;-1;4;Autovettura privata;Sosta;;;;;;;
5264189;4;02/02/2021 09:15:00;Strada Urbana;VIA GIOVANNI CONTI;in corrispondenza;;del civico n.;24;;Investimento di pedone;Rettilineo;Due carreggiate;Asciutto;Asfaltata;Verticale ed orizzontale;Sereno;Normale;Buona;;1;0;0;1;12.5286;41.9518;-1;;;;Pedone;M;Rimandato;0;NON DECEDUTO;;
5264189;4;02/02/2021 09:15:00;Strada Urbana;VIA GIOVANNI CONTI;in corrispondenza;;del civico n.;24;;Investimento di pedone;Rettilineo;Due carreggiate;Asciutto;Asfaltata;Verticale ed orizzontale;Sereno;Normale;Buona;;1;0;0;1;12.5286;41.9518;-1;1;Motociclo a solo;In marcia / fermata / arresto;Conducente;M;Illeso;0;;;
5264193;4;02/02/2021 12:15:00;Provinciale entro l'abitato;VIA NOMENTANA;in corrispondenza;;del civico n.;1108;;Scontro laterale fra veicoli in marcia;Rettilineo;Una carreggiata a doppio senso;Asciutto;Asfaltata;Verticale ed orizzontale;Sereno;Normale;Buona;;0;0;0;3;12.5765;41.9553;-1;1;Autovettura privata;In marcia / fermata / arresto;Conducente;M;Illeso;0;;Non accertato;
5264193;4;02/02/2021 12:15:00;Provinciale entro l'abitato;VIA NOMENTANA;in corrispondenza;;del civico n.;1108;;Scontro laterale fra veicoli in marcia;Rettilineo;Una carreggiata a doppio senso;Asciutto;Asfaltata;Verticale ed orizzontale;Sereno;Normale;Buona;;0;0;0;3;12.5765;41.9553;-1;2;Autovettura privata;In marcia / fermata / arresto;Conducente;M;Illeso;0;;Non accertato;
5264193;4;02/02/2021 12:15:00;Provinciale entro l'abitato;VIA NOMENTANA;in corrispondenza;;del civico n.;1108;;Scontro laterale fra veicoli in marcia;Rettilineo;Una carreggiata a doppio senso;Asciutto;Asfaltata;Verticale ed orizzontale;Sereno;Normale;Buona;;0;0;0;3;12.5765;41.9553;-1;3;Autoarticolato;In marcia / fermata / arresto;Conducente;M;Illeso;0;;Non accertato;
5264200;13;02/02/2021 09:50:00;Strada Urbana;VIA DI CASTEL FUSANO;da specificare;;;;alt. fattoria degli animali;Veicolo in marcia contro ostacolo accidentale;Rettilineo;Una carreggiata a doppio senso;Asciutto;Asfaltata;Orizzontale;Sereno;Normale;Buona;;0;0;0;2;12.311;41.7479;-1;1;Autovettura privata;In marcia / fermata / arresto;Conducente;M;Illeso;0;;Non accertato;Inesploso
5264200;13;02/02/2021 09:50:00;Strada Urbana;VIA DI CASTEL FUSANO;da specificare;;;;alt. fattoria degli animali;Veicolo in marcia contro ostacolo accidentale;Rettilineo;Una carreggiata a doppio senso;Asciutto;Asfaltata;Orizzontale;Sereno;Normale;Buona;;0;0;0;2;12.311;41.7479;-1;1;Autovettura privata;In marcia / fermata / arresto;Passeggero;F;Illeso;0;;Non accertato;Inesploso
5264202;17;02/02/2021 18:00:00;Strada Urbana;VIA TEULADA;all'intersezione con;VIA LUIGI GIUSEPPE FARAVELLI;VIA LUIGI GIUSEPPE FARAVELLI;;;Scontro frontale/laterale DX fra veicoli in marcia;Incrocio;Due carreggiate;Asciutto;Asfaltata;Verticale ed orizzontale;Sereno;Scarso;Buona;;1;0;0;1;12.4551;41.9196;-1;1;Autovettura privata;In marcia / fermata / arresto;Conducente;M;Illeso;0;;Non accertato;
5264202;17;02/02/2021 18:00:00;Strada Urbana;VIA TEULADA;all'intersezione con;VIA LUIGI GIUSEPPE FARAVELLI;VIA LUIGI GIUSEPPE FARAVELLI;;;Scontro frontale/laterale DX fra veicoli in marcia;Incrocio;Due carreggiate;Asciutto;Asfaltata;Verticale ed orizzontale;Sereno;Scarso;Buona;;1;0;0;1;12.4551;41.9196;-1;2;Motociclo con passeggero;In marcia / fermata / arresto;Conducente;M;Rimandato;0;NON DECEDUTO;Non accertato;
5264204;11;02/02/2021 20:00:00;Strada Urbana;VIA DEL PORTO FLUVIALE;in prossimità;;del palo luce n.;18;;Tamponamento Multiplo;Rettilineo;Una carreggiata a doppio senso;Asciutto;Asfaltata;Verticale ed orizzontale;Sereno;Normale;Buona;;0;0;0;3;12.4762;41.8724;-1;1;Autovettura privata;In marcia / fermata / arresto;Conducente;F;Illeso;0;;Non accertato;
5264204;11;02/02/2021 20:00:00;Strada Urbana;VIA DEL PORTO FLUVIALE;in prossimità;;del palo luce n.;18;;Tamponamento Multiplo;Rettilineo;Una carreggiata a doppio senso;Asciutto;Asfaltata;Verticale ed orizzontale;Sereno;Normale;Buona;;0;0;0;3;12.4762;41.8724;-1;2;Autovettura privata;In marcia / fermata / arresto;Conducente;F;Illeso;0;;Utilizzato;
5264204;11;02/02/2021 20:00:00;Strada Urbana;VIA DEL PORTO FLUVIALE;in prossimità;;del palo luce n.;18;;Tamponamento Multiplo;Rettilineo;Una carreggiata a doppio senso;Asciutto;Asfaltata;Verticale ed orizzontale;Sereno;Normale;Buona;;0;0;0;3;12.4762;41.8724;-1;3;Autovettura privata;In marcia / fermata / arresto;Conducente;M;Illeso;0;;Non accertato;
5264205;20;02/02/2021 19:45:00;Regionale entro l'abitato;VIA CASSIA;in corrispondenza;;del civico n.;1142;;Investimento di pedone;Rettilineo;Una carreggiata a doppio senso;Asciutto;Asfaltata;Verticale ed orizzontale;Sereno;Normale;Sufficiente;;1;0;0;1;12.4205;41.9789;-1;;;;Pedone;F;Rimandato;0;NON DECEDUTO;;
5264205;20;02/02/2021 19:45:00;Regionale entro l'abitato;VIA CASSIA;in corrispondenza;;del civico n.;1142;;Investimento di pedone;Rettilineo;Una carreggiata a doppio senso;Asciutto;Asfaltata;Verticale ed orizzontale;Sereno;Normale;Sufficiente;;1;0;0;1;12.4205;41.9789;-1;1;Autovettura privata;In marcia / fermata / arresto;Conducente;M;Illeso;0;;Non accertato;Inesploso
5264208;11;02/02/2021 16:50:00;Strada Urbana;VIA MARIO BIANCHINI;in corrispondenza;;del civico n.;60;;Veicolo in marcia contro veicolo in sosta;Rettilineo;Una carreggiata a doppio senso;Asciutto;Asfaltata;Verticale ed orizzontale;Sereno;Normale;Buona;;0;0;0;1;12.5011;41.8352;-1;1;Autovettura privata;In marcia / fermata / arresto;Conducente;M;Illeso;0;;Non accertato;
5264208;11;02/02/2021 16:50:00;Strada Urbana;VIA MARIO BIANCHINI;in corrispondenza;;del civico n.;60;;Veicolo in marcia contro veicolo in sosta;Rettilineo;Una carreggiata a doppio senso;Asciutto;Asfaltata;Verticale ed orizzontale;Sereno;Normale;Buona;;0;0;0;1;12.5011;41.8352;-1;2;Autovettura privata;Sosta;;;;;;;
5264218;4;02/02/2021 15:20:00;Provinciale entro l'abitato;VIA NOMENTANA;all'intersezione con;VIA JACOPO SANNAZZARO;VIA JACOPO SANNAZZARO;;;Infortunio per sola frenata improvvisa;Incrocio;Una carreggiata a doppio senso;Asciutto;Asfaltata;Verticale ed orizzontale;Sereno;Normale;Buona;;1;0;0;0;12.5736;41.959;-1;1;Motociclo a solo;In marcia / fermata / arresto;Conducente;M;Rimandato;0;NON DECEDUTO;Non accertato;
5264224;7;02/02/2021 14:50:00;Strada Urbana;VIA COLLATINA;da specificare;;;;ALT. VIA GROTTE DI GREGNA/PARCHEGGIO SPAZIO CONAD;Veicolo in marcia contro veicolo in sosta;Rettilineo;Una carreggiata a doppio senso;Asciutto;Asfaltata;Verticale ed orizzontale;Sereno;Scarso;Buona;;0;0;0;0;12.6108;41.9058;-1;1;Autocarro inferiore 35 q.;Sosta;;;;;;;
5264241;1;02/02/2021 17:45:00;Strada Urbana;VIA DELL'ESQUILINO;in prossimità;;del civico n.;43;;Investimento di pedone;Pendenza;Una carreggiata a senso unico di marcia;Asciutto;Asfaltata;Verticale ed orizzontale;Sereno;Normale;Sufficiente;;1;0;0;1;12.4984;41.8982;-1;;;;Pedone;M;Rimandato;0;NON DECEDUTO;;
5264241;1;02/02/2021 17:45:00;Strada Urbana;VIA DELL'ESQUILINO;in prossimità;;del civico n.;43;;Investimento di pedone;Pendenza;Una carreggiata a senso unico di marcia;Asciutto;Asfaltata;Verticale ed orizzontale;Sereno;Normale;Sufficiente;;1;0;0;1;12.4984;41.8982;-1;1;Autovettura privata;In marcia / fermata / arresto;Conducente;M;Illeso;0;;;
5264248;4;02/02/2021 16:15:00;Strada Urbana;VIA ANTONIO FOGAZZARO;all'intersezione con;VIA DOMENICO COMPARETTI;VIA DOMENICO COMPARETTI;;;Scontro frontale/laterale DX fra veicoli in marcia;Incrocio;Una carreggiata a senso unico di marcia;Asciutto;Strada pavimentata dissestata;Verticale;Sereno;Normale;Buona;;0;0;0;2;12.5493;41.9407;-1;1;Motociclo a solo;In marcia / fermata / arresto;Conducente;M;Illeso;0;;;
5264248;4;02/02/2021 16:15:00;Strada Urbana;VIA ANTONIO FOGAZZARO;all'intersezione con;VIA DOMENICO COMPARETTI;VIA DOMENICO COMPARETTI;;;Scontro frontale/laterale DX fra veicoli in marcia;Incrocio;Una carreggiata a senso unico di marcia;Asciutto;Strada pavimentata dissestata;Verticale;Sereno;Normale;Buona;;0;0;0;2;12.5493;41.9407;-1;2;Autovettura privata;In marcia / fermata / arresto;Conducente;M;Illeso;0;;Non accertato;