Protocollo;Gruppo;DataOraIncidente;Localizzazione1;STRADA1;Localizzazione2;STRADA2;Strada02;Chilometrica;DaSpecificare;NaturaIncidente;particolaritastrade;TipoStrada;FondoStradale;Pavimentazione;Segnaletica;CondizioneAtmosferica;Traffico;Visibilita;Illuminazione;NUM_FERITI;NUM_RISERVATA;NUM_MORTI;NUM_ILLESI;Longitude;Latitude;Confermato;Progressivo;TipoVeicolo;StatoVeicolo;TipoPersona;Sesso;Tipolesione;Deceduto;DecedutoDopo;CinturaCascoUtilizzato;Airbag;
5264254;4;03/02/2021 02:50:00;Provinciale;VIA NOMENTANA;in corrispondenza;;della chilometrica;14.3;;Veicolo in marcia contro animale;Rettilineo;Due carreggiate;Asciutto;Asfaltata;Orizzontale;Sereno;Scarso;Sufficiente;;0;0;0;1;12.5736;41.959;-1;1;Autovettura privata;In marcia / fermata / arresto;Conducente;M;Illeso;0;;Non accertato;Inesploso
5264268;7;02/02/2021 14:00:00;Strada Urbana;VIALE GIORGIO DE CHIRICO;in prossimità;;del palo luce n.;16;;Tamponamento;Curva a visuale libera;Due carreggiate;Asciutto;Asfaltata;Verticale ed orizzontale;Sereno;Normale;Buona;;0;0;0;3;12.5874;41.8987;-1;1;Autovettura privata;In marcia / fermata / arresto;Conducente;F;Illeso;0;;Non accertato;Inesploso
5264268;7;02/02/2021 14:00:00;Strada Urbana;VIALE GIORGIO DE CHIRICO;in prossimità;;del palo luce n.;16;;Tamponamento;Curva a visuale libera;Due carreggiate;Asciutto;Asfaltata;Verticale ed orizzontale;Sereno;Normale;Buona;;0;0;0;3;12.5874;41.8987;-1;1;Autovettura privata;In marcia / fermata / arresto;Passeggero;F;Illeso;0;;Non accertato;Inesploso
5264268;7;02/02/2021 14:00:00;Strada Urbana;VIALE GIORGIO DE CHIRICO;in prossimità;;del palo luce n.;16;;Tamponamento;Curva a visuale libera;Due carreggiate;Asciutto;Asfaltata;Verticale ed orizzontale;Sereno;Normale;Buona;;0;0;0;3;12.5874;41.8987;-1;2;Autovettura privata;In marcia / fermata / arresto;Conducente;M;Illeso;0;;Non accertato;Inesploso
5264274;11;02/02/2021 21:45:00;Strada Urbana;VIALE CRISTOFORO COLOMBO;all'intersezione semaforizzata con;PIAZZA DEI NAVIGATORI;PIAZZA DEI NAVIGATORI;;;Tamponamento;Intersezione semaforizzata;Più di due carreggiate;Asciutto;Asfaltata;Verticale ed orizzontale;Sereno;Scarso;Buona;;0;0;0;3;12.4983;41.8604;-1;1;Autovettura privata;In marcia / fermata / arresto;Conducente;M;Illeso;0;;Non accertato;
5264274;11;02/02/2021 21:45:00;Strada Urbana;VIALE CRISTOFORO COLOMBO;all'intersezione semaforizzata con;PIAZZA DEI NAVIGATORI;PIAZZA DEI NAVIGATORI;;;Tamponamento;Intersezione semaforizzata;Più di due carreggiate;Asciutto;Asfaltata;Verticale ed orizzontale;Sereno;Scarso;Buona;;0;0;0;3;12.4983;41.8604;-1;1;Autovettura privata;In marcia / fermata / arresto;Passeggero;M;Illeso;0;;Non accertato;
5264274;11;02/02/2021 21:45:00;Strada Urbana;VIALE CRISTOFORO COLOMBO;all'intersezione semaforizzata con;PIAZZA DEI NAVIGATORI;PIAZZA DEI NAVIGATORI;;;Tamponamento;Intersezione semaforizzata;Più di due carreggiate;Asciutto;Asfaltata;Verticale ed orizzontale;Sereno;Scarso;Buona;;0;0;0;3;12.4983;41.8604;-1;2;Autovettura privata;In marcia / fermata / arresto;Conducente;M;Illeso;0;;Utilizzato;
5264280;12;02/02/2021 14:40:00;Provinciale;VIA LAURENTINA;da specificare;;;;direzione Roma prima di Castel di Leva;Scontro laterale fra veicoli in marcia;Rotatoria;Una carreggiata a senso unico di marcia;Asciutto;Asfaltata;Verticale ed orizzontale;Sereno;Intenso;Buona;;0;0;0;3;12.4813;41.7883;-1;1;Autovettura privata;In marcia / fermata / arresto;Conducente;M;Illeso;0;;Utilizzato;Inesploso
5264280;12;02/02/2021 14:40:00;Provinciale;VIA LAURENTINA;da specificare;;;;direzione Roma prima di Castel di Leva;Scontro laterale fra veicoli in marcia;Rotatoria;Una carreggiata a senso unico di marcia;Asciutto;Asfaltata;Verticale ed orizzontale;Sereno;Intenso;Buona;;0;0;0;3;12.4813;41.7883;-1;1;Autovettura privata;In marcia / fermata / arresto;Passeggero;M;Illeso;0;;Utilizzato;Inesploso
5264280;12;02/02/2021 14:40:00;Provinciale;VIA LAURENTINA;da specificare;;;;direzione Roma prima di Castel di Leva;Scontro laterale fra veicoli in marcia;Rotatoria;Una carreggiata a senso unico di marcia;Asciutto;Asfaltata;Verticale ed orizzontale;Sereno;Intenso;Buona;;0;0;0;3;12.4813;41.7883;-1;2;Autoarticolato;In marcia / fermata / arresto;Conducente;M;Illeso;0;;Utilizzato;Inesploso
5264282;13;02/02/2021 11:20:00;Strada Urbana;VIALE FRA' ANDREA DI GIOVANNI;all'intersezione con;VIA MADRE COLOMBA GABRIEL;VIA MADRE COLOMBA GABRIEL;;;Scontro frontale/laterale DX fra veicoli in marcia;Incrocio;Due carreggiate;Asciutto;Asfaltata;Verticale;Sereno;Scarso;Buona;;1;0;0;1;12.3424;41.7837;-1;1;Autovettura privata;In marcia / fermata / arresto;Conducente;M;Rimandato;0;NON DECEDUTO;;
5264282;13;02/02/2021 11:20:00;Strada Urbana;VIALE FRA' ANDREA DI GIOVANNI;all'intersezione con;VIA MADRE COLOMBA GABRIEL;VIA MADRE COLOMBA GABRIEL;;;Scontro frontale/laterale DX fra veicoli in marcia;Incrocio;Due carreggiate;Asciutto;Asfaltata;Verticale;Sereno;Scarso;Buona;;1;0;0;1;12.3424;41.7837;-1;2;Autovettura privata;In marcia / fermata / arresto;Conducente;M;Illeso;0;;;
5264293;1;02/02/2021 14:50:00;Strada Urbana;VIA NAZIONALE;all'intersezione con;VIA GENOVA;VIA GENOVA;;;Scontro laterale fra veicoli in marcia;Intersezione semaforizzata;Una carreggiata a doppio senso;Asciutto;In cubetti di porfido;Verticale ed orizzontale;Nuvoloso;Normale;Buona;;2;0;0;1;12.9458;42.3869;-1;1;Motociclo con passeggero;In marcia / fermata / arresto;Conducente;M;Rifiuta cure immediate;0;NON DECEDUTO;;
5264293;1;02/02/2021 14:50:00;Strada Urbana;VIA NAZIONALE;all'intersezione con;VIA GENOVA;VIA GENOVA;;;Scontro laterale fra veicoli in marcia;Intersezione semaforizzata;Una carreggiata a doppio senso;Asciutto;In cubetti di porfido;Verticale ed orizzontale;Nuvoloso;Normale;Buona;;2;0;0;1;12.9458;42.3869;-1;1;Motociclo con passeggero;In marcia / fermata / arresto;Passeggero;M;Illeso;0;;;
5264293;1;02/02/2021 14:50:00;Strada Urbana;VIA NAZIONALE;all'intersezione con;VIA GENOVA;VIA GENOVA;;;Scontro laterale fra veicoli in marcia;Intersezione semaforizzata;Una carreggiata a doppio senso;Asciutto;In cubetti di porfido;Verticale ed orizzontale;Nuvoloso;Normale;Buona;;2;0;0;1;12.9458;42.3869;-1;2;Velocipede;In marcia / fermata / arresto;Conducente;M;Rifiuta cure immediate;0;NON DECEDUTO;Esente;
5264331;13;02/02/2021 14:40:00;Strada Urbana;VIALE DEI ROMAGNOLI;in corrispondenza;;del civico n.;791;;Tamponamento Multiplo;Rettilineo;Una carreggiata a doppio senso;Asciutto;Asfaltata;Verticale ed orizzontale;Sereno;Intenso;Buona;;2;0;0;2;12.3036;41.7608;-1;1;Autovettura privata;In marcia / fermata / arresto;Conducente;F;Illeso;0;;Non accertato;Inesploso
5264331;13;02/02/2021 14:40:00;Strada Urbana;VIALE DEI ROMAGNOLI;in corrispondenza;;del civico n.;791;;Tamponamento Multiplo;Rettilineo;Una carreggiata a doppio senso;Asciutto;Asfaltata;Verticale ed orizzontale;Sereno;Intenso;Buona;;2;0;0;2;12.3036;41.7608;-1;2;Autovettura privata;In marcia / fermata / arresto;Conducente;F;Rimandato;0;NON DECEDUTO;Non accertato;Inesploso
5264331;13;02/02/2021 14:40:00;Strada Urbana;VIALE DEI ROMAGNOLI;in corrispondenza;;del civico n.;791;;Tamponamento Multiplo;Rettilineo;Una carreggiata a doppio senso;Asciutto;Asfaltata;Verticale ed orizzontale;Sereno;Intenso;Buona;;2;0;0;2;12.3036;41.7608;-1;2;Autovettura privata;In marcia / fermata / arresto;Passeggero;M;Rimandato;0;NON DECEDUTO;Non accertato;Inesploso
5264331;13;02/02/2021 14:40:00;Strada Urbana;VIALE DEI ROMAGNOLI;in corrispondenza;;del civico n.;791;;Tamponamento Multiplo;Rettilineo;Una carreggiata a doppio senso;Asciutto;Asfaltata;Verticale ed orizzontale;Sereno;Intenso;Buona;;2;0;0;2;12.3036;41.7608;-1;3;Autovettura privata;In marcia / fermata / arresto;Conducente;M;Illeso;0;;Non accertato;Inesploso
5264342;2;02/02/2021 10:20:00;Strada Urbana;VIA ANTONIO BERTOLONI;all'intersezione con;VIA ATANASIO KIRCHER;VIA ATANASIO KIRCHER;;;Scontro frontale/laterale SX fra veicoli in marcia;Incrocio;Una carreggiata a doppio senso;Asciutto;Asfaltata;Verticale ed orizzontale;Sereno;Normale;Buona;;1;0;0;2;12.487;41.9241;-1;1;Autovettura privata;In marcia / fermata / arresto;Conducente;F;Illeso;0;;;
5264342;2;02/02/2021 10:20:00;Strada Urbana;VIA ANTONIO BERTOLONI;all'intersezione con;VIA ATANASIO KIRCHER;VIA ATANASIO KIRCHER;;;Scontro frontale/laterale SX fra veicoli in marcia;Incrocio;Una carreggiata a doppio senso;Asciutto;Asfaltata;Verticale ed orizzontale;Sereno;Normale;Buona;;1;0;0;2;12.487;41.9241;-1;2;Motociclo con passeggero;In marcia / fermata / arresto;Conducente;M;Illeso;0;;;
5264342;2;02/02/2021 10:20:00;Strada Urbana;VIA ANTONIO BERTOLONI;all'intersezione con;VIA ATANASIO KIRCHER;VIA ATANASIO KIRCHER;;;Scontro frontale/laterale SX fra veicoli in marcia;Incrocio;Una carreggiata a doppio senso;Asciutto;Asfaltata;Verticale ed orizzontale;Sereno;Normale;Buona;;1;0;0;2;12.487;41.9241;-1;2;Motociclo con passeggero;In marcia / fermata / arresto;Passeggero;F;Rimandato;0;NON DECEDUTO;;
5264352;1;02/02/2021 21:00:00;Strada Urbana;VIA TASSO;da specificare;;;;fronte civico 92;Veicolo in marcia contro veicolo in sosta;Rettilineo;Una carreggiata a senso unico di marcia;Asciutto;Asfaltata;Verticale ed orizzontale;Sereno;Scarso;Buona;;0;0;0;1;;;0;1;Autovettura privata;In marcia / fermata / arresto;Conducente;F;Illeso;0;;;
5264352;1;02/02/2021 21:00:00;Strada Urbana;VIA TASSO;da specificare;;;;fronte civico 92;Veicolo in marcia contro veicolo in sosta;Rettilineo;Una carreggiata a senso unico di marcia;Asciutto;Asfaltata;Verticale ed orizzontale;Sereno;Scarso;Buona;;0;0;0;1;;;0;2;Autovettura privata;In marcia / fermata / arresto;;;;;;;
5264371;13;02/02/2021 15:45:00;Strada Urbana;VIA CRISTOFORO COLOMBO;da specificare;;;;PROSSIMITA' VIA DEMOCRITO;Tamponamento Multiplo;Rettilineo;Più di due carreggiate;Asciutto;Asfaltata;Verticale ed orizzontale;Sereno;Normale;Buona;;1;0;0;2;12.4536;41.8089;-1;1;Autovettura privata;In marcia / fermata / arresto;Conducente;F;Illeso;0;;Non accertato;Inesploso
5264371;13;02/02/2021 15:45:00;Strada Urbana;VIA CRISTOFORO COLOMBO;da specificare;;;;PROSSIMITA' VIA DEMOCRITO;Tamponamento Multiplo;Rettilineo;Più di due carreggiate;Asciutto;Asfaltata;Verticale ed orizzontale;Sereno;Normale;Buona;;1;0;0;2;12.4536;41.8089;-1;2;Autovettura privata;In marcia / fermata / arresto;Conducente;F;Rimandato;0;NON DECEDUTO;Non accertato;Inesploso
5264371;13;02/02/2021 15:45:00;Strada Urbana;VIA CRISTOFORO COLOMBO;da specificare;;;;PROSSIMITA' VIA DEMOCRITO;Tamponamento Multiplo;Rettilineo;Più di due carreggiate;Asciutto;Asfaltata;Verticale ed orizzontale;Sereno;Normale;Buona;;1;0;0;2;12.4536;41.8089;-1;3;Autovettura privata;In marcia / fermata / arresto;Conducente;F;Illeso;0;;Non accertato;Inesploso
5264391;6;03/02/2021 09:10:00;Provinciale entro l'abitato;VIA PRENESTINA;all'intersezione semaforizzata con;VIA COLLATINA;VIA COLLATINA;;;Scontro laterale fra veicoli in marcia;Intersezione semaforizzata;Più di due carreggiate;Asciutto;Asfaltata;Verticale ed orizzontale;Nuvoloso;Intenso;Buona;;1;0;0;2;12.5631;41.895;-1;1;Autocarro inferiore 35 q.;In marcia / fermata / arresto;Conducente;M;Illeso;0;;Non accertato;Inesploso
5264391;6;03/02/2021 09:10:00;Provinciale entro l'abitato;VIA PRENESTINA;all'intersezione semaforizzata con;VIA COLLATINA;VIA COLLATINA;;;Scontro laterale fra veicoli in marcia;Intersezione semaforizzata;Più di due carreggiate;Asciutto;Asfaltata;Verticale ed orizzontale;Nuvoloso;Intenso;Buona;;1;0;0;2;12.5631;41.895;-1;2;Autovettura privata;In marcia / fermata / arresto;Conducente;M;Illeso;0;;Non accertato;Inesploso
5264391;6;03/02/2021 09:10:00;Provinciale entro l'abitato;VIA PRENESTINA;all'intersezione semaforizzata con;VIA COLLATINA;VIA COLLATINA;;;Scontro laterale fra veicoli in marcia;Intersezione semaforizzata;Più di due carreggiate;Asciutto;Asfaltata;Verticale ed orizzontale;Nuvoloso;Intenso;Buona;;1;0;0;2;12.5631;41.895;-1;2;Autovettura privata;In marcia / fermata / arresto;Passeggero;F;Rifiuta cure immediate;0;NON DECEDUTO;Non accertato;Inesploso
5264445;12;02/02/2021 09:15:00;Strada Urbana;PIAZZALE CINA;all'intersezione con;VIA CANTON;VIA CANTON;;;Scontro laterale fra veicoli in marcia;Rotatoria;Una carreggiata a senso unico di marcia;Asciutto;Asfaltata;Verticale ed orizzontale;Sereno;Normale;Buona;;1;0;0;1;12.4328;41.8073;-1;1;Autovettura privata;In marcia / fermata / arresto;Conducente;M;Illeso;0;;Non accertato;Inesploso
5264445;12;02/02/2021 09:15:00;Strada Urbana;PIAZZALE CINA;all'intersezione con;VIA CANTON;VIA CANTON;;;Scontro laterale fra veicoli in marcia;Rotatoria;Una carreggiata a senso unico di marcia;Asciutto;Asfaltata;Verticale ed orizzontale;Sereno;Normale;Buona;;1;0;0;1;12.4328;41.8073;-1;2;Motociclo a solo;In marcia / fermata / arresto;Conducente;M;Rimandato;0;NON DECEDUTO;Non accertato;
5264454;3;02/02/2021 13:30:00;Strada Urbana;VIALE VENTUNO APRILE;all'intersezione con;PIAZZA DOMENICO GNOLI;PIAZZA DOMENICO GNOLI;;;Scontro frontale/laterale SX fra veicoli in marcia;Intersezione semaforizzata;Una carreggiata a doppio senso;Asciutto;Asfaltata;Verticale ed orizzontale;Sereno;Normale;Buona;;1;0;0;1;12.52;41.9177;-1;1;Autovettura privata;In marcia / fermata / arresto;Conducente;M;Illeso;0;;Non accertato;Inesploso
5264454;3;02/02/2021 13:30:00;Strada Urbana;VIALE VENTUNO APRILE;all'intersezione con;PIAZZA DOMENICO GNOLI;PIAZZA DOMENICO GNOLI;;;Scontro frontale/laterale SX fra veicoli in marcia;Intersezione semaforizzata;Una carreggiata a doppio senso;Asciutto;Asfaltata;Verticale ed orizzontale;Sereno;Normale;Buona;;1;0;0;1;12.52;41.9177;-1;2;Motociclo a solo;In marcia / fermata / arresto;Conducente;M;Rimandato;0;NON DECEDUTO;Non accertato;
5264481;2;02/02/2021 16:45:00;Strada Urbana;VIA LAGO DI LESINA;all'intersezione con;VIA MASSACIUCCOLI;VIA MASSACIUCCOLI;;;Scontro frontale/laterale DX fra veicoli in marcia;Incrocio;Una carreggiata a senso unico di marcia;Asciutto;Asfaltata;Verticale;Sereno;Scarso;Buona;;0;0;0;2;12.5148;41.9263;-1;1;Autovettura privata;In marcia / fermata / arresto;Conducente;M;Illeso;0;;Non accertato;Inesploso
5264481;2;02/02/2021 16:45:00;Strada Urbana;VIA LAGO DI LESINA;all'intersezione con;VIA MASSACIUCCOLI;VIA MASSACIUCCOLI;;;Scontro frontale/laterale DX fra veicoli in marcia;Incrocio;Una carreggiata a senso unico di marcia;Asciutto;Asfaltata;Verticale;Sereno;Scarso;Buona;;0;0;0;2;12.5148;41.9263;-1;2;Autovettura privata;In marcia / fermata / arresto;Conducente;M;Illeso;0;;Non accertato;Inesploso
5264491;13;02/02/2021 20:35:00;Strada Urbana;VIA TORCEGNO;all'intersezione con;VIA BRAIES;VIA BRAIES;;;Scontro frontale/laterale SX fra veicoli in marcia;Rotatoria;Una carreggiata a senso unico di marcia;Asciutto;Asfaltata;Assente;Sereno;Normale;Sufficiente;;0;0;0;2;12.3759;41.7328;-1;1;Autovettura privata;In marcia / fermata / arresto;Conducente;F;Illeso;0;;Non accertato;Inesploso
5264491;13;02/02/2021 20:35:00;Strada Urbana;VIA TORCEGNO;all'intersezione con;VIA BRAIES;VIA BRAIES;;;Scontro frontale/laterale SX fra veicoli in marcia;Rotatoria;Una carreggiata a senso unico di marcia;Asciutto;Asfaltata;Assente;Sereno;Normale;Sufficiente;;0;0;0;2;12.3759;41.7328;-1;2;Autovettura privata;In marcia / fermata / arresto;Conducente;M;Illeso;0;;Non accertato;Inesploso
5264545;2;02/02/2021 13:40:00;Strada Urbana;VIA DEL FORO ITALICO;in corrispondenza;;del civico n.;647;;Tamponamento;Rettilineo;Due carreggiate;Asciutto;Asfaltata;Verticale ed orizzontale;Sereno;Intenso;Buona;;0;0;0;3;12.504;41.939;-1;1;Autovettura privata;In marcia / fermata / arresto;Conducente;M;Illeso;0;;;
5264545;2;02/02/2021 13:40:00;Strada Urbana;VIA DEL FORO ITALICO;in corrispondenza;;del civico n.;647;;Tamponamento;Rettilineo;Due carreggiate;Asciutto;Asfaltata;Verticale ed orizzontale;Sereno;Intenso;Buona;;0;0;0;3;12.504;41.939;-1;1;Autovettura privata;In marcia / fermata / arresto;Passeggero;F;Illeso;0;;;
5264545;2;02/02/2021 13:40:00;Strada Urbana;VIA DEL FORO ITALICO;in corrispondenza;;del civico n.;647;;Tamponamento;Rettilineo;Due carreggiate;Asciutto;Asfaltata;Verticale ed orizzontale;Sereno;Intenso;Buona;;0;0;0;3;12.504;41.939;-1;2;Autovettura privata;In marcia / fermata / arresto;Conducente;M;Illeso;0;;;
5264555;2;02/02/2021 17:30:00;Strada Urbana;VIALE DELLE BELLE ARTI;da specificare;;;;pross. Via Buozzi direzione Piazzale Belle Arti;Veicolo in marcia contro ostacolo accidentale;Rettilineo;Una carreggiata a doppio senso;Asciutto;Asfaltata;Verticale ed orizzontale;Sereno;Normale;Sufficiente;;0;0;0;2;12.4791;41.9183;-1;1;Autovettura privata;In marcia / fermata / arresto;Conducente;F;Illeso;0;;Non accertato;Inesploso
5264555;2;02/02/2021 17:30:00;Strada Urbana;VIALE DELLE BELLE ARTI;da specificare;;;;pross. Via Buozzi direzione Piazzale Belle Arti;Veicolo in marcia contro ostacolo accidentale;Rettilineo;Una carreggiata a doppio senso;Asciutto;Asfaltata;Verticale ed orizzontale;Sereno;Normale;Sufficiente;;0;0;0;2;12.4791;41.9183;-1;1;Autovettura privata;In marcia / fermata / arresto;Passeggero;F;Illeso;0;;Non accertato;Inesploso
5264562;6;03/02/2021 09:35:00;Statale entro l'abitato;VIA CASILINA;in prossimità;;del civico n.;211;;Scontro laterale fra veicoli in marcia;Rettilineo;Una carreggiata a senso unico di marcia;Asciutto;Asfaltata;Orizzontale;Nuvoloso;Normale;Buona;;1;0;0;1;12.5266;41.887;-1;1;Motociclo a solo;In marcia / fermata / arresto;Conducente;F;Rifiuta cure immediate;0;NON DECEDUTO;Utilizzato;
5264562;6;03/02/2021 09:35:00;Statale entro l'abitato;VIA CASILINA;in prossimità;;del civico n.;211;;Scontro laterale fra veicoli in marcia;Rettilineo;Una carreggiata a senso unico di marcia;Asciutto;Asfaltata;Orizzontale;Nuvoloso;Normale;Buona;;1;0;0;1;12.5266;41.887;-1;2;Autovettura privata;In marcia / fermata / arresto;Conducente;M;Illeso;0;;Non accertato;Inesploso
5264623;3;02/02/2021 11:00:00;Strada Urbana;VIALE DELLE SCIENZE;in prossimità;;del civico n.;9;;Scontro laterale fra veicoli in marcia;Rettilineo;Due carreggiate;Asciutto;Asfaltata;Verticale ed orizzontale;Sereno;Normale;Buona;;1;0;0;1;12.5113;41.9033;-1;1;Autocarro inferiore 35 q.;In marcia / fermata / arresto;Conducente;M;Illeso;0;;;
5264623;3;02/02/2021 11:00:00;Strada Urbana;VIALE DELLE SCIENZE;in prossimità;;del civico n.;9;;Scontro laterale fra veicoli in marcia;Rettilineo;Due carreggiate;Asciutto;Asfaltata;Verticale ed orizzontale;Sereno;Normale;Buona;;1;0;0;1;12.5113;41.9033;-1;2;Motociclo a solo;In marcia / fermata / arresto;Conducente;M;Ricoverato;0;NON DECEDUTO;;
5264797;12;02/02/2021 20:30:00;Strada Urbana;VIALE DEGLI ASTRI;all'intersezione con;PIAZZA DEL SOLE;PIAZZA DEL SOLE;;;Scontro frontale/laterale DX fra veicoli in marcia;Incrocio;Una carreggiata a doppio senso;Asciutto;Asfaltata;Verticale ed orizzontale;Sereno;Scarso;Buona;;0;0;0;3;12.4497;41.8135;-1;1;Autovettura privata;In marcia / fermata / arresto;Conducente;F;Illeso;0;;Non accertato;Inesploso
5264797;12;02/02/2021 20:30:00;Strada Urbana;VIALE DEGLI ASTRI;all'intersezione con;PIAZZA DEL SOLE;PIAZZA DEL SOLE;;;Scontro frontale/laterale DX fra veicoli in marcia;Incrocio;Una carreggiata a doppio senso;Asciutto;Asfaltata;Verticale ed orizzontale;Sereno;Scarso;Buona;;0;0;0;3;12.4497;41.8135;-1;1;Autovettura privata;In marcia / fermata / arresto;Passeggero;F;Illeso;0;;Non accertato;Inesploso
5264797;12;02/02/2021 20:30:00;Strada Urbana;VIALE DEGLI ASTRI;all'intersezione con;PIAZZA DEL SOLE;PIAZZA DEL SOLE;;;Scontro frontale/laterale DX fra veicoli in marcia;Incrocio;Una carreggiata a doppio senso;Asciutto;Asfaltata;Verticale ed orizzontale;Sereno;Scarso;Buona;;0;0;0;3;12.4497;41.8135;-1;2;Autovettura privata;In marcia / fermata / arresto;Conducente;F;Illeso;0;;Non accertato;Inesploso
5264852;9;02/02/2021 20:13:00;Strada Urbana;VIA APPIA NUOVA;all'intersezione con;VIA ALBA;VIA ALBA;;;Scontro frontale/laterale SX fra veicoli in marcia;Incrocio;Più di due carreggiate;Asciutto;Asfaltata;Verticale ed orizzontale;Sereno;Scarso;Buona;;0;0;0;1;12.5173;41.8795;-1;1;Autovettura privata;In marcia / fermata / arresto;Conducente;F;Illeso;0;;Non accertato;Inesploso
5264852;9;02/02/2021 20:13:00;Strada Urbana;VIA APPIA NUOVA;all'intersezione con;VIA ALBA;VIA ALBA;;;Scontro frontale/laterale SX fra veicoli in marcia;Incrocio;Più di due carreggiate;Asciutto;Asfaltata;Verticale ed orizzontale;Sereno;Scarso;Buona;;0;0;0;1;12.5173;41.8795;-1;2;Motociclo a solo;In marcia / fermata / arresto;;;;;;;
5265028;6;03/02/2021 14:45:00;Strada Urbana;LARGO PRENESTE;in prossimità;;del civico n.;1;;Investimento di pedone;Rettilineo;Una carreggiata a doppio senso;Asciutto;Asfaltata;Verticale ed orizzontale;Sereno;Normale;Buona;;1;0;0;0;12.5419;41.8926;0;;;;Pedone;M;Rimandato;0;NON DECEDUTO;;
5265028;6;03/02/2021 14:45:00;Strada Urbana;LARGO PRENESTE;in prossimità;;del civico n.;1;;Investimento di pedone;Rettilineo;Una carreggiata a doppio senso;Asciutto;Asfaltata;Verticale ed orizzontale;Sereno;Normale;Buona;;1;0;0;0;12.5419;41.8926;0;1;Autovettura pubblica;Allontanatosi;;;;;;;
5265126;13;03/02/2021 14:10:00;Strada Urbana;VIALE DI CASTEL PORZIANO;all'intersezione con;VIA BERSONE;VIA BERSONE;;;Scontro frontale/laterale DX fra veicoli in marcia;Incrocio;Una carreggiata a doppio senso;Asciutto;Asfaltata;Verticale ed orizzontale;Sereno;Normale;Buona;;0;0;0;3;12.3491;41.7308;-1;1;Autovettura privata;In marcia / fermata / arresto;Conducente;F;Illeso;0;;Non accertato;Inesploso
5265126;13;03/02/2021 14:10:00;Strada Urbana;VIALE DI CASTEL PORZIANO;all'intersezione con;VIA BERSONE;VIA BERSONE;;;Scontro frontale/laterale DX fra veicoli in marcia;Incrocio;Una carreggiata a doppio senso;Asciutto;Asfaltata;Verticale ed orizzontale;Sereno;Normale;Buona;;0;0;0;3;12.3491;41.7308;-1;1;Autovettura privata;In marcia / fermata / arresto;Passeggero;F;Illeso;0;;Non accertato;Inesploso
5265126;13;03/02/2021 14:10:00;Strada Urbana;VIALE DI CASTEL PORZIANO;all'intersezione con;VIA BERSONE;VIA BERSONE;;;Scontro frontale/laterale DX fra veicoli in marcia;Incrocio;Una carreggiata a doppio senso;Asciutto;Asfaltata;Verticale ed orizzontale;Sereno;Normale;Buona;;0;0;0;3;12.3491;41.7308;-1;2;Autovettura privata;In marcia / fermata / arresto;Conducente;F;Illeso;0;;Non accertato;Inesploso
5265133;1;03/02/2021 11:15:00;Strada Urbana;LUNGOTEVERE DEI FIORENTINI;all'intersezione semaforizzata con;PONTE VITTORIO EMANUELE II;PONTE VITTORIO EMANUELE II;;;Tamponamento;Intersezione semaforizzata;Una carreggiata a senso unico di marcia;Asciutto;Asfaltata;Verticale ed orizzontale;Nuvoloso;Normale;Buona;;0;0;0;4;12.4649;41.9008;-1;1;Autovettura privata;In marcia / fermata / arresto;Conducente;M;Illeso;0;;Non accertato;Inesploso
5265133;1;03/02/2021 11:15:00;Strada Urbana;LUNGOTEVERE DEI FIORENTINI;all'intersezione semaforizzata con;PONTE VITTORIO EMANUELE II;PONTE VITTORIO EMANUELE II;;;Tamponamento;Intersezione semaforizzata;Una carreggiata a senso unico di marcia;Asciutto;Asfaltata;Verticale ed orizzontale;Nuvoloso;Normale;Buona;;0;0;0;4;12.4649;41.9008;-1;1;Autovettura privata;In marcia / fermata / arresto;Passeggero;M;Illeso;0;;Non accertato;Inesploso
5265133;1;03/02/2021 11:15:00;Strada Urbana;LUNGOTEVERE DEI FIORENTINI;all'intersezione semaforizzata con;PONTE VITTORIO EMANUELE II;PONTE VITTORIO EMANUELE II;;;Tamponamento;Intersezione semaforizzata;Una carreggiata a senso unico di marcia;Asciutto;Asfaltata;Verticale ed orizzontale;Nuvoloso;Normale;Buona;;0;0;0;4;12.4649;41.9008;-1;1;Autovettura privata;In marcia / fermata / arresto;Passeggero;M;Illeso;0;;Non accertato;Inesploso
5265133;1;03/02/2021 11:15:00;Strada Urbana;LUNGOTEVERE DEI FIORENTINI;all'intersezione semaforizzata con;PONTE VITTORIO EMANUELE II;PONTE VITTORIO EMANUELE II;;;Tamponamento;Intersezione semaforizzata;Una carreggiata a senso unico di marcia;Asciutto;Asfaltata;Verticale ed orizzontale;Nuvoloso;Normale;Buona;;0;0;0;4;12.4649;41.9008;-1;2;Motociclo a solo;In marcia / fermata / arresto;Conducente;M;Illeso;0;;Non accertato;
5265228;1;03/02/2021 13:45:00;Strada Urbana;VIALE MARCO POLO;in prossimità;;del civico n.;19;;Scontro frontale/laterale DX fra veicoli in marcia;Rettilineo;Una carreggiata a doppio senso;Asciutto;Asfaltata;Verticale ed orizzontale;Nuvoloso;Normale;Buona;;2;0;0;0;12.4836;41.876;-1;1;Autovettura privata;In marcia / fermata / arresto;Conducente;M;Rimandato;0;NON DECEDUTO;Non accertato;Inesploso
5265228;1;03/02/2021 13:45:00;Strada Urbana;VIALE MARCO POLO;in prossimità;;del civico n.;19;;Scontro frontale/laterale DX fra veicoli in marcia;Rettilineo;Una carreggiata a doppio senso;Asciutto;Asfaltata;Verticale ed orizzontale;Nuvoloso;Normale;Buona;;2;0;0;0;12.4836;41.876;-1;2;Motociclo a solo;In marcia / fermata / arresto;Conducente;M;Rimandato;0;NON DECEDUTO;Non accertato;