Protocollo;Gruppo;DataOraIncidente;Localizzazione1;STRADA1;Localizzazione2;STRADA2;Strada02;Chilometrica;DaSpecificare;NaturaIncidente;particolaritastrade;TipoStrada;FondoStradale;Pavimentazione;Segnaletica;CondizioneAtmosferica;Traffico;Visibilita;Illuminazione;NUM_FERITI;NUM_RISERVATA;NUM_MORTI;NUM_ILLESI;Longitude;Latitude;Confermato;Progressivo;TipoVeicolo;StatoVeicolo;TipoPersona;Sesso;Tipolesione;Deceduto;DecedutoDopo;CinturaCascoUtilizzato;Airbag;
5273510;1;09/02/2021 08:00:00;Strada Urbana;VIA VITTORIO VENETO;all'intersezione con;VIA LIGURIA;VIA LIGURIA;;;Scontro laterale fra veicoli in marcia;Incrocio;Una carreggiata a doppio senso;Bagnato (umidità in atto);Asfaltata;Verticale ed orizzontale;Nuvoloso;Normale;Buona;;0;0;0;3;12.4895;41.9061;-1;1;Autovettura privata;In marcia / fermata / arresto;Conducente;M;Illeso;0;;;
5273510;1;09/02/2021 08:00:00;Strada Urbana;VIA VITTORIO VENETO;all'intersezione con;VIA LIGURIA;VIA LIGURIA;;;Scontro laterale fra veicoli in marcia;Incrocio;Una carreggiata a doppio senso;Bagnato (umidità in atto);Asfaltata;Verticale ed orizzontale;Nuvoloso;Normale;Buona;;0;0;0;3;12.4895;41.9061;-1;2;Autocarro superiore 35 q.;In marcia / fermata / arresto;Conducente;M;Illeso;0;;;
5273510;1;09/02/2021 08:00:00;Strada Urbana;VIA VITTORIO VENETO;all'intersezione con;VIA LIGURIA;VIA LIGURIA;;;Scontro laterale fra veicoli in marcia;Incrocio;Una carreggiata a doppio senso;Bagnato (umidità in atto);Asfaltata;Verticale ed orizzontale;Nuvoloso;Normale;Buona;;0;0;0;3;12.4895;41.9061;-1;2;Autocarro superiore 35 q.;In marcia / fermata / arresto;Passeggero;M;Illeso;0;;;
5273519;4;08/02/2021 10:00:00;Strada Urbana;VIA STAZZEMA;all'intersezione con;VIA GIORGIO LA PIRA;VIA GIORGIO LA PIRA;;;Scontro frontale/laterale SX fra veicoli in marcia;Incrocio;Una carreggiata a doppio senso;Asciutto;Asfaltata;Verticale ed orizzontale;Sereno;Scarso;Buona;;0;0;0;2;12.5195;41.9536;-1;1;Autovettura privata;In marcia / fermata / arresto;Conducente;F;Illeso;0;;;
5273519;4;08/02/2021 10:00:00;Strada Urbana;VIA STAZZEMA;all'intersezione con;VIA GIORGIO LA PIRA;VIA GIORGIO LA PIRA;;;Scontro frontale/laterale SX fra veicoli in marcia;Incrocio;Una carreggiata a doppio senso;Asciutto;Asfaltata;Verticale ed orizzontale;Sereno;Scarso;Buona;;0;0;0;2;12.5195;41.9536;-1;2;Autovettura privata;In marcia / fermata / arresto;Conducente;M;Illeso;0;;;
5273527;9;09/02/2021 07:45:00;Strada Urbana;VIA VEIO;all'intersezione con;VIA AMITERNO;VIA AMITERNO;;;Scontro frontale/laterale SX fra veicoli in marcia;Incrocio;Una carreggiata a senso unico di marcia;Bagnato (pioggia);Asfaltata;Verticale ed orizzontale;Nuvoloso;Normale;Buona;;1;0;0;1;12.5076;41.8827;-1;1;Autovettura privata;In marcia / fermata / arresto;Conducente;F;Illeso;0;;Non accertato;Inesploso
5273527;9;09/02/2021 07:45:00;Strada Urbana;VIA VEIO;all'intersezione con;VIA AMITERNO;VIA AMITERNO;;;Scontro frontale/laterale SX fra veicoli in marcia;Incrocio;Una carreggiata a senso unico di marcia;Bagnato (pioggia);Asfaltata;Verticale ed orizzontale;Nuvoloso;Normale;Buona;;1;0;0;1;12.5076;41.8827;-1;2;Autocarro inferiore 35 q.;In marcia / fermata / arresto;Conducente;M;Rimandato;0;NON DECEDUTO;Non accertato;Inesploso
5273527;9;09/02/2021 07:45:00;Strada Urbana;VIA VEIO;all'intersezione con;VIA AMITERNO;VIA AMITERNO;;;Scontro frontale/laterale SX fra veicoli in marcia;Incrocio;Una carreggiata a senso unico di marcia;Bagnato (pioggia);Asfaltata;Verticale ed orizzontale;Nuvoloso;Normale;Buona;;1;0;0;1;12.5076;41.8827;-1;3;Autovettura privata;Sosta;;;;;;;
5273527;9;09/02/2021 07:45:00;Strada Urbana;VIA VEIO;all'intersezione con;VIA AMITERNO;VIA AMITERNO;;;Scontro frontale/laterale SX fra veicoli in marcia;Incrocio;Una carreggiata a senso unico di marcia;Bagnato (pioggia);Asfaltata;Verticale ed orizzontale;Nuvoloso;Normale;Buona;;1;0;0;1;12.5076;41.8827;-1;4;Autovettura privata;Sosta;;;;;;;
5273572;7;08/02/2021 19:20:00;Strada Urbana;VIA COLLATINA;in corrispondenza;;del civico n.;90;;Investimento di pedone;Rettilineo;Una carreggiata a doppio senso;Asciutto;Asfaltata;Verticale ed orizzontale;Sereno;Normale;Buona;;1;0;0;1;12.564;41.8987;-1;;;;Pedone;M;Illeso;0;;;
5273572;7;08/02/2021 19:20:00;Strada Urbana;VIA COLLATINA;in corrispondenza;;del civico n.;90;;Investimento di pedone;Rettilineo;Una carreggiata a doppio senso;Asciutto;Asfaltata;Verticale ed orizzontale;Sereno;Normale;Buona;;1;0;0;1;12.564;41.8987;-1;1;Motociclo con passeggero;In marcia / fermata / arresto;Conducente;M;Ricoverato;0;NON DECEDUTO;Non accertato;
5273601;17;09/02/2021 08:45:00;Strada Urbana;VIA DUILIO;da specificare;;;;TRATTO COMPRESO V. DEGLI SCIPIONI E P.ZA QUIRITI;Scontro laterale fra veicoli in marcia;Rettilineo;Una carreggiata a senso unico di marcia;Bagnato (pioggia);Asfaltata;Verticale ed orizzontale;Pioggia in atto;Scarso;Buona;;0;0;0;1;12.4643;41.9098;-1;1;Autovettura privata;In marcia / fermata / arresto;Conducente;M;Illeso;0;;;
5273601;17;09/02/2021 08:45:00;Strada Urbana;VIA DUILIO;da specificare;;;;TRATTO COMPRESO V. DEGLI SCIPIONI E P.ZA QUIRITI;Scontro laterale fra veicoli in marcia;Rettilineo;Una carreggiata a senso unico di marcia;Bagnato (pioggia);Asfaltata;Verticale ed orizzontale;Pioggia in atto;Scarso;Buona;;0;0;0;1;12.4643;41.9098;-1;2;Autovettura privata;Allontanatosi;;;;;;;
5273617;2;08/02/2021 14:20:00;Strada Urbana;CORSO TRIESTE;da specificare;;;;FRONTE CIV. 24/b;Investimento di pedone;Rettilineo;Due carreggiate;Asciutto;Asfaltata;Verticale ed orizzontale;Nuvoloso;Normale;Buona;;0;0;0;2;12.5094;41.9204;-1;;;;Pedone;M;Illeso;0;;;
5273617;2;08/02/2021 14:20:00;Strada Urbana;CORSO TRIESTE;da specificare;;;;FRONTE CIV. 24/b;Investimento di pedone;Rettilineo;Due carreggiate;Asciutto;Asfaltata;Verticale ed orizzontale;Nuvoloso;Normale;Buona;;0;0;0;2;12.5094;41.9204;-1;1;Autovettura privata;In marcia / fermata / arresto;Conducente;M;Illeso;0;;Non accertato;Inesploso
5273635;2;08/02/2021 15:20:00;Strada Urbana;VIA TAGLIAMENTO;in corrispondenza;;del civico n.;1;;Scontro laterale fra veicoli in marcia;Rettilineo;Una carreggiata a doppio senso;Asciutto;Asfaltata;Verticale ed orizzontale;Nuvoloso;Normale;Buona;;0;0;0;2;12.5006;41.9184;-1;1;Autocarro inferiore 35 q.;In marcia / fermata / arresto;Conducente;M;Illeso;0;;;
5273635;2;08/02/2021 15:20:00;Strada Urbana;VIA TAGLIAMENTO;in corrispondenza;;del civico n.;1;;Scontro laterale fra veicoli in marcia;Rettilineo;Una carreggiata a doppio senso;Asciutto;Asfaltata;Verticale ed orizzontale;Nuvoloso;Normale;Buona;;0;0;0;2;12.5006;41.9184;-1;2;Altro;In marcia / fermata / arresto;Conducente;M;Illeso;0;;;
5273640;1;09/02/2021 09:13:00;Strada Urbana;LUNGOTEVERE DE' CENCI;in corrispondenza;;del civico n.;9;;Investimento di pedone;Rettilineo;Una carreggiata a senso unico di marcia;Bagnato (pioggia);Asfaltata;Assente;Nuvoloso;Intenso;Buona;;0;0;0;2;;;0;;;;Pedone;M;Illeso;0;;;
5273640;1;09/02/2021 09:13:00;Strada Urbana;LUNGOTEVERE DE' CENCI;in corrispondenza;;del civico n.;9;;Investimento di pedone;Rettilineo;Una carreggiata a senso unico di marcia;Bagnato (pioggia);Asfaltata;Assente;Nuvoloso;Intenso;Buona;;0;0;0;2;;;0;1;Autovettura privata;In marcia / fermata / arresto;Conducente;M;Illeso;0;;;
5273722;1;09/02/2021 07:10:00;Strada Urbana;PIAZZA DEL POPOLO;all'intersezione con;VIA FERDINANDO DI SAVOIA;VIA FERDINANDO DI SAVOIA;;;Infortunio per caduta del veicolo;Incrocio;Una carreggiata a senso unico di marcia;Bagnato (pioggia);In cubetti di porfido;Verticale ed orizzontale;Pioggia in atto;Normale;Buona;;1;0;0;0;;;0;1;Velocipede;In marcia / fermata / arresto;Conducente;M;Rimandato;0;NON DECEDUTO;Esente;
5273755;13;08/02/2021 11:35:00;Strada Urbana;LUNGOMARE PAOLO TOSCANELLI;in prossimità;;del civico n.;4;;Investimento di pedone;Rettilineo;Due carreggiate;Asciutto;Asfaltata;Verticale ed orizzontale;Sereno;Normale;Buona;;1;0;0;1;12.286;41.7267;-1;;;;Pedone;M;Rimandato;0;NON DECEDUTO;;
5273755;13;08/02/2021 11:35:00;Strada Urbana;LUNGOMARE PAOLO TOSCANELLI;in prossimità;;del civico n.;4;;Investimento di pedone;Rettilineo;Due carreggiate;Asciutto;Asfaltata;Verticale ed orizzontale;Sereno;Normale;Buona;;1;0;0;1;12.286;41.7267;-1;1;Autovettura privata;In marcia / fermata / arresto;Conducente;M;Illeso;0;;Non accertato;Inesistente
5273777;1;09/02/2021 08:30:00;Strada Urbana;PIAZZA DI PORTA S. PAOLO;da specificare;;;;fronte cafè du park;Investimento di pedone;Curva a visuale libera;Una carreggiata a senso unico di marcia;Bagnato (pioggia);In cubetti di porfido;Verticale ed orizzontale;Pioggia in atto;Normale;Buona;;1;0;0;1;12.4819;41.877;-1;;;;Pedone;F;Rimandato;0;NON DECEDUTO;;
5273777;1;09/02/2021 08:30:00;Strada Urbana;PIAZZA DI PORTA S. PAOLO;da specificare;;;;fronte cafè du park;Investimento di pedone;Curva a visuale libera;Una carreggiata a senso unico di marcia;Bagnato (pioggia);In cubetti di porfido;Verticale ed orizzontale;Pioggia in atto;Normale;Buona;;1;0;0;1;12.4819;41.877;-1;1;Autovettura privata;In marcia / fermata / arresto;Conducente;M;Illeso;0;;;
5273945;12;08/02/2021 12:15:00;Strada Urbana;VIA CRISTOFORO COLOMBO;da specificare;;;;sottovia Pontina;Veicolo in marcia contro ostacolo fisso;Curva senza visuale libera;Una carreggiata a senso unico di marcia;Bagnato (umidità in atto);Asfaltata;Verticale ed orizzontale;Nuvoloso;Scarso;Buona;;1;0;0;1;12.4442;41.8012;-1;1;Autovettura privata;In marcia / fermata / arresto;Conducente;M;Rimandato;0;NON DECEDUTO;Non accertato;Inesploso
5273945;12;08/02/2021 12:15:00;Strada Urbana;VIA CRISTOFORO COLOMBO;da specificare;;;;sottovia Pontina;Veicolo in marcia contro ostacolo fisso;Curva senza visuale libera;Una carreggiata a senso unico di marcia;Bagnato (umidità in atto);Asfaltata;Verticale ed orizzontale;Nuvoloso;Scarso;Buona;;1;0;0;1;12.4442;41.8012;-1;1;Autovettura privata;In marcia / fermata / arresto;Passeggero;F;Illeso;0;;Non accertato;Inesploso
5273977;13;08/02/2021 12:10:00;Strada Urbana;VIA AMEDEO BOCCHI;da specificare;;;;in prossimità via Umberto Lilloni;Scontro laterale fra veicoli in marcia;Rettilineo;Una carreggiata a doppio senso;Asciutto;Asfaltata;Assente;Nuvoloso;Normale;Buona;;0;0;0;3;12.3499;41.7767;-1;1;Autovettura privata;In marcia / fermata / arresto;Conducente;M;Illeso;0;;Non accertato;
5273977;13;08/02/2021 12:10:00;Strada Urbana;VIA AMEDEO BOCCHI;da specificare;;;;in prossimità via Umberto Lilloni;Scontro laterale fra veicoli in marcia;Rettilineo;Una carreggiata a doppio senso;Asciutto;Asfaltata;Assente;Nuvoloso;Normale;Buona;;0;0;0;3;12.3499;41.7767;-1;2;Autovettura privata;In marcia / fermata / arresto;Conducente;M;Illeso;0;;Non accertato;
5273977;13;08/02/2021 12:10:00;Strada Urbana;VIA AMEDEO BOCCHI;da specificare;;;;in prossimità via Umberto Lilloni;Scontro laterale fra veicoli in marcia;Rettilineo;Una carreggiata a doppio senso;Asciutto;Asfaltata;Assente;Nuvoloso;Normale;Buona;;0;0;0;3;12.3499;41.7767;-1;2;Autovettura privata;In marcia / fermata / arresto;Passeggero;F;Illeso;0;;Non accertato;
5274087;1;09/02/2021 09:15:00;Strada Urbana;VIA LUIGI PETROSELLI;all'intersezione con;VIA DELLA MISERICORDIA;VIA DELLA MISERICORDIA;;;Veicolo in marcia contro ostacolo accidentale;Incrocio;Una carreggiata a doppio senso;Bagnato (pioggia);Acciotolata;Verticale ed orizzontale;Pioggia in atto;Normale;Buona;;0;0;0;1;12.481;41.8898;0;1;Motociclo di polizia;In marcia / fermata / arresto;Conducente;M;Illeso;0;;Non accertato;
5274103;1;09/02/2021 10:20:00;Strada Urbana;PIAZZA DEL POPOLO;in prossimità;;del civico n.;5A;;Veicolo in marcia contro veicolo fermo;Rettilineo;Una carreggiata a senso unico di marcia;Bagnato (pioggia);In cubetti di porfido;Verticale;Nuvoloso;Scarso;Buona;;0;0;0;2;12.4757;41.9102;-1;1;Autocarro inferiore 35 q.;In marcia / fermata / arresto;Conducente;M;Illeso;0;;Non accertato;Inesploso
5274103;1;09/02/2021 10:20:00;Strada Urbana;PIAZZA DEL POPOLO;in prossimità;;del civico n.;5A;;Veicolo in marcia contro veicolo fermo;Rettilineo;Una carreggiata a senso unico di marcia;Bagnato (pioggia);In cubetti di porfido;Verticale;Nuvoloso;Scarso;Buona;;0;0;0;2;12.4757;41.9102;-1;2;Autovettura privata;In marcia / fermata / arresto;Conducente;M;Illeso;0;;Non accertato;Inesploso
5274282;2;09/02/2021 14:35:00;Strada Urbana;PIAZZA TRENTO;all'intersezione con;CORSO TRIESTE;CORSO TRIESTE;;;Scontro frontale/laterale DX fra veicoli in marcia;Incrocio;Una carreggiata a doppio senso;Bagnato (pioggia);Asfaltata;Verticale ed orizzontale;Pioggia in atto;Normale;Buona;;1;0;0;1;12.5056;41.9172;-1;1;Autovettura privata;In marcia / fermata / arresto;Conducente;M;Illeso;0;;Non accertato;Inesploso
5274282;2;09/02/2021 14:35:00;Strada Urbana;PIAZZA TRENTO;all'intersezione con;CORSO TRIESTE;CORSO TRIESTE;;;Scontro frontale/laterale DX fra veicoli in marcia;Incrocio;Una carreggiata a doppio senso;Bagnato (pioggia);Asfaltata;Verticale ed orizzontale;Pioggia in atto;Normale;Buona;;1;0;0;1;12.5056;41.9172;-1;2;Motociclo a solo;In marcia / fermata / arresto;Conducente;M;Ricoverato;0;NON DECEDUTO;;
5274345;13;09/02/2021 16:30:00;Strada Urbana;VIA DELLE GONDOLE;in corrispondenza;;del civico n.;152;;Scontro laterale fra veicoli in marcia;Rettilineo;Una carreggiata a doppio senso;Asciutto;Asfaltata;Orizzontale;Sereno;Normale;Buona;;0;0;0;3;12.2745;41.7361;-1;1;Autovettura privata;In marcia / fermata / arresto;Conducente;F;Illeso;0;;Non accertato;Inesploso
5274345;13;09/02/2021 16:30:00;Strada Urbana;VIA DELLE GONDOLE;in corrispondenza;;del civico n.;152;;Scontro laterale fra veicoli in marcia;Rettilineo;Una carreggiata a doppio senso;Asciutto;Asfaltata;Orizzontale;Sereno;Normale;Buona;;0;0;0;3;12.2745;41.7361;-1;1;Autovettura privata;In marcia / fermata / arresto;Passeggero;F;Illeso;0;;Non accertato;Inesploso
5274345;13;09/02/2021 16:30:00;Strada Urbana;VIA DELLE GONDOLE;in corrispondenza;;del civico n.;152;;Scontro laterale fra veicoli in marcia;Rettilineo;Una carreggiata a doppio senso;Asciutto;Asfaltata;Orizzontale;Sereno;Normale;Buona;;0;0;0;3;12.2745;41.7361;-1;2;Autovettura privata;In marcia / fermata / arresto;Conducente;F;Illeso;0;;Non accertato;
5274370;6;09/02/2021 16:55:00;Statale entro l'abitato;VIA CASILINA;in prossimità;;del civico n.;704;;Tamponamento Multiplo;Rettilineo;Più di due carreggiate;Asciutto;Asfaltata;Orizzontale;Sereno;Normale;Sufficiente;;4;0;0;1;12.5562;41.8757;-1;1;Autovettura privata;In marcia / fermata / arresto;Conducente;M;Ricoverato;0;NON DECEDUTO;Non accertato;Inesploso
5274370;6;09/02/2021 16:55:00;Statale entro l'abitato;VIA CASILINA;in prossimità;;del civico n.;704;;Tamponamento Multiplo;Rettilineo;Più di due carreggiate;Asciutto;Asfaltata;Orizzontale;Sereno;Normale;Sufficiente;;4;0;0;1;12.5562;41.8757;-1;1;Autovettura privata;In marcia / fermata / arresto;Passeggero;M;Rimandato;0;NON DECEDUTO;Non accertato;Inesploso
5274370;6;09/02/2021 16:55:00;Statale entro l'abitato;VIA CASILINA;in prossimità;;del civico n.;704;;Tamponamento Multiplo;Rettilineo;Più di due carreggiate;Asciutto;Asfaltata;Orizzontale;Sereno;Normale;Sufficiente;;4;0;0;1;12.5562;41.8757;-1;2;Autovettura privata;In marcia / fermata / arresto;Conducente;F;Illeso;0;;Non accertato;Inesploso
5274370;6;09/02/2021 16:55:00;Statale entro l'abitato;VIA CASILINA;in prossimità;;del civico n.;704;;Tamponamento Multiplo;Rettilineo;Più di due carreggiate;Asciutto;Asfaltata;Orizzontale;Sereno;Normale;Sufficiente;;4;0;0;1;12.5562;41.8757;-1;2;Autovettura privata;In marcia / fermata / arresto;Passeggero;M;Rifiuta cure immediate;0;NON DECEDUTO;Non accertato;Inesploso
5274370;6;09/02/2021 16:55:00;Statale entro l'abitato;VIA CASILINA;in prossimità;;del civico n.;704;;Tamponamento Multiplo;Rettilineo;Più di due carreggiate;Asciutto;Asfaltata;Orizzontale;Sereno;Normale;Sufficiente;;4;0;0;1;12.5562;41.8757;-1;3;Autovettura privata;In marcia / fermata / arresto;Conducente;M;Rifiuta cure immediate;0;NON DECEDUTO;Non accertato;Inesploso
5274403;1;08/02/2021 12:30:00;Strada Urbana;LUNGOTEVERE MARZIO;all'intersezione semaforizzata con;PONTE CAVOUR;PONTE CAVOUR;;;Scontro laterale fra veicoli in marcia;Intersezione semaforizzata;Una carreggiata a senso unico di marcia;Asciutto;Acciotolata;Verticale ed orizzontale;Nuvoloso;Intenso;Buona;;0;0;0;2;12.4751;41.9049;-1;1;Autovettura privata;In marcia / fermata / arresto;Conducente;F;Illeso;0;;Non accertato;Inesploso
5274403;1;08/02/2021 12:30:00;Strada Urbana;LUNGOTEVERE MARZIO;all'intersezione semaforizzata con;PONTE CAVOUR;PONTE CAVOUR;;;Scontro laterale fra veicoli in marcia;Intersezione semaforizzata;Una carreggiata a senso unico di marcia;Asciutto;Acciotolata;Verticale ed orizzontale;Nuvoloso;Intenso;Buona;;0;0;0;2;12.4751;41.9049;-1;2;Autovettura privata;In marcia / fermata / arresto;Conducente;M;Illeso;0;;Non accertato;Inesploso
5274418;1;09/02/2021 16:00:00;Strada Urbana;LUNGOTEVERE DELLA FARNESINA;in corrispondenza;;del civico n.;6;;Tamponamento Multiplo;Rettilineo;Una carreggiata a senso unico di marcia;Asciutto;Asfaltata;Verticale ed orizzontale;Sereno;Intenso;Buona;;0;0;0;5;12.4693;41.8926;-1;1;Autovettura privata;In marcia / fermata / arresto;Conducente;M;Illeso;0;;Non accertato;Inesploso
5274418;1;09/02/2021 16:00:00;Strada Urbana;LUNGOTEVERE DELLA FARNESINA;in corrispondenza;;del civico n.;6;;Tamponamento Multiplo;Rettilineo;Una carreggiata a senso unico di marcia;Asciutto;Asfaltata;Verticale ed orizzontale;Sereno;Intenso;Buona;;0;0;0;5;12.4693;41.8926;-1;1;Autovettura privata;In marcia / fermata / arresto;Passeggero;M;Illeso;0;;;
5274418;1;09/02/2021 16:00:00;Strada Urbana;LUNGOTEVERE DELLA FARNESINA;in corrispondenza;;del civico n.;6;;Tamponamento Multiplo;Rettilineo;Una carreggiata a senso unico di marcia;Asciutto;Asfaltata;Verticale ed orizzontale;Sereno;Intenso;Buona;;0;0;0;5;12.4693;41.8926;-1;1;Autovettura privata;In marcia / fermata / arresto;Passeggero;F;Illeso;0;;;
5274418;1;09/02/2021 16:00:00;Strada Urbana;LUNGOTEVERE DELLA FARNESINA;in corrispondenza;;del civico n.;6;;Tamponamento Multiplo;Rettilineo;Una carreggiata a senso unico di marcia;Asciutto;Asfaltata;Verticale ed orizzontale;Sereno;Intenso;Buona;;0;0;0;5;12.4693;41.8926;-1;2;Quadriciclo;In marcia / fermata / arresto;Conducente;M;Illeso;0;;Non accertato;
5274418;1;09/02/2021 16:00:00;Strada Urbana;LUNGOTEVERE DELLA FARNESINA;in corrispondenza;;del civico n.;6;;Tamponamento Multiplo;Rettilineo;Una carreggiata a senso unico di marcia;Asciutto;Asfaltata;Verticale ed orizzontale;Sereno;Intenso;Buona;;0;0;0;5;12.4693;41.8926;-1;3;Autocarro inferiore 35 q.;In marcia / fermata / arresto;Conducente;M;Illeso;0;;Non accertato;Inesploso
5274435;1;09/02/2021 13:30:00;Strada Urbana;VIA MARMORATA;in prossimità;;del civico n.;163;;Veicolo in marcia contro ostacolo accidentale;Rettilineo;Una carreggiata a doppio senso;Asciutto;Strada pavimentata dissestata;Verticale ed orizzontale;Nuvoloso;Normale;Buona;;0;0;0;2;12.4771;41.8817;0;1;Ciclomotore con passeggero;In marcia / fermata / arresto;Conducente;M;Illeso;0;;Non accertato;
5274435;1;09/02/2021 13:30:00;Strada Urbana;VIA MARMORATA;in prossimità;;del civico n.;163;;Veicolo in marcia contro ostacolo accidentale;Rettilineo;Una carreggiata a doppio senso;Asciutto;Strada pavimentata dissestata;Verticale ed orizzontale;Nuvoloso;Normale;Buona;;0;0;0;2;12.4771;41.8817;0;1;Ciclomotore con passeggero;In marcia / fermata / arresto;Passeggero;F;Illeso;0;;Non accertato;
5274436;12;09/02/2021 15:00:00;Altra strada;VIALE DELL'ESERCITO;da specificare;;;;area privata all'interno del civico 21;Scontro laterale fra veicoli in marcia;Curva a visuale libera;Una carreggiata a senso unico alternato;Bagnato (pioggia);Asfaltata;Assente;Pioggia in atto;Normale;Sufficiente;;1;0;0;1;12.4865;41.8137;-1;1;Autovettura privata;In marcia / fermata / arresto;Conducente;M;Illeso;0;;Non accertato;Inesploso
5274436;12;09/02/2021 15:00:00;Altra strada;VIALE DELL'ESERCITO;da specificare;;;;area privata all'interno del civico 21;Scontro laterale fra veicoli in marcia;Curva a visuale libera;Una carreggiata a senso unico alternato;Bagnato (pioggia);Asfaltata;Assente;Pioggia in atto;Normale;Sufficiente;;1;0;0;1;12.4865;41.8137;-1;2;Velocipede;In marcia / fermata / arresto;Conducente;F;Rimandato;0;NON DECEDUTO;Esente;
5274445;15;09/02/2021 13:40:00;Strada Urbana;VIA PORTUENSE;all'intersezione con;VIA DI POZZO PANTALEO;VIA DI POZZO PANTALEO;;;Scontro frontale/laterale SX fra veicoli in marcia;Incrocio;Due carreggiate;Asciutto;Asfaltata;Verticale ed orizzontale;Nuvoloso;Normale;Buona;;0;0;0;4;12.414;41.8469;-1;1;Autovettura privata;In marcia / fermata / arresto;Conducente;F;Illeso;0;;Non accertato;Inesploso
5274445;15;09/02/2021 13:40:00;Strada Urbana;VIA PORTUENSE;all'intersezione con;VIA DI POZZO PANTALEO;VIA DI POZZO PANTALEO;;;Scontro frontale/laterale SX fra veicoli in marcia;Incrocio;Due carreggiate;Asciutto;Asfaltata;Verticale ed orizzontale;Nuvoloso;Normale;Buona;;0;0;0;4;12.414;41.8469;-1;1;Autovettura privata;In marcia / fermata / arresto;Passeggero;F;Illeso;0;;Non accertato;Inesploso
5274445;15;09/02/2021 13:40:00;Strada Urbana;VIA PORTUENSE;all'intersezione con;VIA DI POZZO PANTALEO;VIA DI POZZO PANTALEO;;;Scontro frontale/laterale SX fra veicoli in marcia;Incrocio;Due carreggiate;Asciutto;Asfaltata;Verticale ed orizzontale;Nuvoloso;Normale;Buona;;0;0;0;4;12.414;41.8469;-1;2;Autovettura privata;In marcia / fermata / arresto;Conducente;M;Illeso;0;;Non accertato;Inesploso
5274445;15;09/02/2021 13:40:00;Strada Urbana;VIA PORTUENSE;all'intersezione con;VIA DI POZZO PANTALEO;VIA DI POZZO PANTALEO;;;Scontro frontale/laterale SX fra veicoli in marcia;Incrocio;Due carreggiate;Asciutto;Asfaltata;Verticale ed orizzontale;Nuvoloso;Normale;Buona;;0;0;0;4;12.414;41.8469;-1;2;Autovettura privata;In marcia / fermata / arresto;Passeggero;F;Illeso;0;;Non accertato;Inesploso
5274456;12;09/02/2021 17:00:00;Strada Urbana;VIA CRISTOFORO COLOMBO;da specificare;;;;laterale prossimità sottovia Viale Marconi;Scontro laterale fra veicoli in marcia;Curva a visuale libera;Una carreggiata a senso unico di marcia;Asciutto;Asfaltata;Verticale ed orizzontale;Nuvoloso;Normale;Buona;;0;0;0;2;12.478;41.8447;-1;1;Veicolo speciale;In marcia / fermata / arresto;Conducente;M;Illeso;0;;Non accertato;Inesploso
5274456;12;09/02/2021 17:00:00;Strada Urbana;VIA CRISTOFORO COLOMBO;da specificare;;;;laterale prossimità sottovia Viale Marconi;Scontro laterale fra veicoli in marcia;Curva a visuale libera;Una carreggiata a senso unico di marcia;Asciutto;Asfaltata;Verticale ed orizzontale;Nuvoloso;Normale;Buona;;0;0;0;2;12.478;41.8447;-1;2;Autovettura privata;In marcia / fermata / arresto;Conducente;F;Illeso;0;;Non accertato;Inesploso
5274531;8;09/02/2021 07:30:00;Strada Urbana;VIALE DUILIO CAMBELLOTTI;all'intersezione con;VIA DI TOR BELLA MONACA;VIA DI TOR BELLA MONACA;;;Scontro laterale fra veicoli in marcia;Rotatoria;Una carreggiata a senso unico di marcia;Bagnato (pioggia);Asfaltata;Orizzontale;Pioggia in atto;Normale;Buona;;0;0;0;2;12.6336;41.8702;-1;1;Autocarro superiore 35 q.;In marcia / fermata / arresto;Conducente;M;Illeso;0;;Non accertato;Inesploso
5274531;8;09/02/2021 07:30:00;Strada Urbana;VIALE DUILIO CAMBELLOTTI;all'intersezione con;VIA DI TOR BELLA MONACA;VIA DI TOR BELLA MONACA;;;Scontro laterale fra veicoli in marcia;Rotatoria;Una carreggiata a senso unico di marcia;Bagnato (pioggia);Asfaltata;Orizzontale;Pioggia in atto;Normale;Buona;;0;0;0;2;12.6336;41.8702;-1;2;Autobus di linea;In marcia / fermata / arresto;Conducente;M;Illeso;0;;Non accertato;Inesploso
5274532;8;09/02/2021 08:15:00;Strada Urbana;VIA SAVOCA;in corrispondenza;;del civico n.;82;;Scontro frontale fra veicoli in marcia;Rettilineo;Una carreggiata a doppio senso;Bagnato (pioggia);Asfaltata;Assente;Pioggia in atto;Scarso;Buona;;0;0;0;4;12.6802;41.8685;-1;1;Autovettura privata;In marcia / fermata / arresto;Conducente;F;Illeso;0;;Non accertato;Inesploso
5274532;8;09/02/2021 08:15:00;Strada Urbana;VIA SAVOCA;in corrispondenza;;del civico n.;82;;Scontro frontale fra veicoli in marcia;Rettilineo;Una carreggiata a doppio senso;Bagnato (pioggia);Asfaltata;Assente;Pioggia in atto;Scarso;Buona;;0;0;0;4;12.6802;41.8685;-1;1;Autovettura privata;In marcia / fermata / arresto;Passeggero;M;Illeso;0;;Non accertato;Inesploso