Protocollo;Gruppo;DataOraIncidente;Localizzazione1;STRADA1;Localizzazione2;STRADA2;Strada02;Chilometrica;DaSpecificare;NaturaIncidente;particolaritastrade;TipoStrada;FondoStradale;Pavimentazione;Segnaletica;CondizioneAtmosferica;Traffico;Visibilita;Illuminazione;NUM_FERITI;NUM_RISERVATA;NUM_MORTI;NUM_ILLESI;Longitude;Latitude;Confermato;Progressivo;TipoVeicolo;StatoVeicolo;TipoPersona;Sesso;Tipolesione;Deceduto;DecedutoDopo;CinturaCascoUtilizzato;Airbag;
5290677;8;19/02/2021 21:40:00;Strada Urbana;VIA BIAGIO PETROCELLI;in prossimità;;del civico n.;211;;Veicolo in marcia contro veicoli in sosta;Rettilineo;Una carreggiata a doppio senso;Asciutto;Asfaltata;Verticale ed orizzontale;Sereno;Scarso;Buona;;2;0;0;0;12.6075;41.8378;-1;2;Autocarro inferiore 35 q.;Sosta;;;;;;;
5290677;8;19/02/2021 21:40:00;Strada Urbana;VIA BIAGIO PETROCELLI;in prossimità;;del civico n.;211;;Veicolo in marcia contro veicoli in sosta;Rettilineo;Una carreggiata a doppio senso;Asciutto;Asfaltata;Verticale ed orizzontale;Sereno;Scarso;Buona;;2;0;0;0;12.6075;41.8378;-1;3;Autocarro inferiore 35 q.;Sosta;;;;;;;
5290680;8;19/02/2021 17:05:00;Strada Urbana;VIA DELL'AQUILA REALE;in corrispondenza;;del civico n.;60;;Scontro laterale fra veicoli in marcia;Rettilineo;Una carreggiata a doppio senso;Asciutto;Asfaltata;Assente;Sereno;Normale;Buona;;0;0;0;3;12.5959;41.8637;-1;1;Autovettura privata;In marcia / fermata / arresto;Conducente;M;Illeso;0;;Non accertato;Inesploso
5290680;8;19/02/2021 17:05:00;Strada Urbana;VIA DELL'AQUILA REALE;in corrispondenza;;del civico n.;60;;Scontro laterale fra veicoli in marcia;Rettilineo;Una carreggiata a doppio senso;Asciutto;Asfaltata;Assente;Sereno;Normale;Buona;;0;0;0;3;12.5959;41.8637;-1;1;Autovettura privata;In marcia / fermata / arresto;Passeggero;F;Illeso;0;;Non accertato;Inesploso
5290680;8;19/02/2021 17:05:00;Strada Urbana;VIA DELL'AQUILA REALE;in corrispondenza;;del civico n.;60;;Scontro laterale fra veicoli in marcia;Rettilineo;Una carreggiata a doppio senso;Asciutto;Asfaltata;Assente;Sereno;Normale;Buona;;0;0;0;3;12.5959;41.8637;-1;2;Autovettura privata;In marcia / fermata / arresto;Conducente;M;Illeso;0;;Non accertato;Inesploso
5290684;8;19/02/2021 12:10:00;Strada Urbana;VIA TORTORICI;in corrispondenza;;del civico n.;3;;Veicolo in marcia contro veicolo fermo;Rettilineo;Una carreggiata a senso unico di marcia;Asciutto;Asfaltata;Verticale;Sereno;Scarso;Insufficiente;;0;0;0;2;12.6895;41.865;-1;1;Autovettura privata;In marcia / fermata / arresto;Conducente;M;Illeso;0;;;
5290684;8;19/02/2021 12:10:00;Strada Urbana;VIA TORTORICI;in corrispondenza;;del civico n.;3;;Veicolo in marcia contro veicolo fermo;Rettilineo;Una carreggiata a senso unico di marcia;Asciutto;Asfaltata;Verticale;Sereno;Scarso;Insufficiente;;0;0;0;2;12.6895;41.865;-1;2;Autovettura privata;In marcia / fermata / arresto;Conducente;M;Illeso;0;;Non accertato;Inesploso
5290684;8;19/02/2021 12:10:00;Strada Urbana;VIA TORTORICI;in corrispondenza;;del civico n.;3;;Veicolo in marcia contro veicolo fermo;Rettilineo;Una carreggiata a senso unico di marcia;Asciutto;Asfaltata;Verticale;Sereno;Scarso;Insufficiente;;0;0;0;2;12.6895;41.865;-1;3;Autovettura privata;Sosta;;;;;;;
5290687;8;19/02/2021 12:40:00;Strada Urbana;VIA PEDICA DI TOR ANGELA;all'intersezione con;VIA PRENESTINA;VIA PRENESTINA;;;Investimento di pedone;Incrocio;Una carreggiata a doppio senso;Asciutto;Asfaltata;Verticale ed orizzontale;Nuvoloso;Normale;Buona;;1;0;0;1;12.6289;41.8925;-1;;;;Pedone;F;Ricoverato;0;NON DECEDUTO;;
5290687;8;19/02/2021 12:40:00;Strada Urbana;VIA PEDICA DI TOR ANGELA;all'intersezione con;VIA PRENESTINA;VIA PRENESTINA;;;Investimento di pedone;Incrocio;Una carreggiata a doppio senso;Asciutto;Asfaltata;Verticale ed orizzontale;Nuvoloso;Normale;Buona;;1;0;0;1;12.6289;41.8925;-1;1;Autovettura privata;In marcia / fermata / arresto;Conducente;F;Illeso;0;;;
5290688;8;19/02/2021 17:30:00;Strada Urbana;VIA DEL FONTANILE DI CARCARICOLA;all'intersezione con;VIA STANFORD;VIA STANFORD;;;Tamponamento;Rotatoria;Due carreggiate;Asciutto;Asfaltata;Verticale ed orizzontale;Sereno;Normale;Buona;;2;0;0;2;12.6077;41.8525;-1;1;Autovettura privata;In marcia / fermata / arresto;Conducente;F;Rifiuta cure immediate;0;NON DECEDUTO;;
5290688;8;19/02/2021 17:30:00;Strada Urbana;VIA DEL FONTANILE DI CARCARICOLA;all'intersezione con;VIA STANFORD;VIA STANFORD;;;Tamponamento;Rotatoria;Due carreggiate;Asciutto;Asfaltata;Verticale ed orizzontale;Sereno;Normale;Buona;;2;0;0;2;12.6077;41.8525;-1;1;Autovettura privata;In marcia / fermata / arresto;Passeggero;F;Rifiuta cure immediate;0;NON DECEDUTO;Non accertato;Inesploso
5290688;8;19/02/2021 17:30:00;Strada Urbana;VIA DEL FONTANILE DI CARCARICOLA;all'intersezione con;VIA STANFORD;VIA STANFORD;;;Tamponamento;Rotatoria;Due carreggiate;Asciutto;Asfaltata;Verticale ed orizzontale;Sereno;Normale;Buona;;2;0;0;2;12.6077;41.8525;-1;2;Autovettura privata;In marcia / fermata / arresto;Conducente;M;Illeso;0;;;
5290688;8;19/02/2021 17:30:00;Strada Urbana;VIA DEL FONTANILE DI CARCARICOLA;all'intersezione con;VIA STANFORD;VIA STANFORD;;;Tamponamento;Rotatoria;Due carreggiate;Asciutto;Asfaltata;Verticale ed orizzontale;Sereno;Normale;Buona;;2;0;0;2;12.6077;41.8525;-1;2;Autovettura privata;In marcia / fermata / arresto;Passeggero;M;Illeso;0;;Non accertato;Inesploso
5290690;8;19/02/2021 07:40:00;Strada Urbana;VIALE DELLA SORBONA;in prossimità;;del palo luce n.;11;;Veicolo in marcia contro ostacolo accidentale;Rettilineo;Una carreggiata a doppio senso;Asciutto;Asfaltata;Verticale ed orizzontale;Sereno;Normale;Sufficiente;;1;0;0;0;12.612;41.8546;-1;1;Velocipede;In marcia / fermata / arresto;Conducente;M;Rifiuta cure immediate;0;NON DECEDUTO;Esente;
5290706;1;19/02/2021 18:55:00;Strada Urbana;LUNGOTEVERE DEGLI ANGUILLARA;da specificare;;;;altezza PIAZZA BELLI;Scontro laterale fra veicoli in marcia;Rettilineo;Una carreggiata a senso unico di marcia;Asciutto;Asfaltata;Verticale ed orizzontale;Sereno;Intenso;Buona;;0;0;0;2;12.4746;41.8903;-1;1;Autovettura privata;In marcia / fermata / arresto;Conducente;M;Illeso;0;;;
5290706;1;19/02/2021 18:55:00;Strada Urbana;LUNGOTEVERE DEGLI ANGUILLARA;da specificare;;;;altezza PIAZZA BELLI;Scontro laterale fra veicoli in marcia;Rettilineo;Una carreggiata a senso unico di marcia;Asciutto;Asfaltata;Verticale ed orizzontale;Sereno;Intenso;Buona;;0;0;0;2;12.4746;41.8903;-1;2;Autocarro superiore 35 q.;In marcia / fermata / arresto;Conducente;M;Illeso;0;;;
5290732;11;19/02/2021 15:45:00;Strada Urbana;CIRCONVALLAZIONE OSTIENSE;all'intersezione semaforizzata con;VIA GIROLAMO BENZONI;VIA GIROLAMO BENZONI;;;Scontro frontale/laterale DX fra veicoli in marcia;Intersezione semaforizzata;Due carreggiate;Asciutto;Asfaltata;Verticale ed orizzontale;Sereno;Normale;Buona;;0;0;0;4;12.4845;41.8673;-1;1;Autovettura privata;In marcia / fermata / arresto;Conducente;F;Illeso;0;;;
5290732;11;19/02/2021 15:45:00;Strada Urbana;CIRCONVALLAZIONE OSTIENSE;all'intersezione semaforizzata con;VIA GIROLAMO BENZONI;VIA GIROLAMO BENZONI;;;Scontro frontale/laterale DX fra veicoli in marcia;Intersezione semaforizzata;Due carreggiate;Asciutto;Asfaltata;Verticale ed orizzontale;Sereno;Normale;Buona;;0;0;0;4;12.4845;41.8673;-1;1;Autovettura privata;In marcia / fermata / arresto;Passeggero;F;Illeso;0;;;
5290732;11;19/02/2021 15:45:00;Strada Urbana;CIRCONVALLAZIONE OSTIENSE;all'intersezione semaforizzata con;VIA GIROLAMO BENZONI;VIA GIROLAMO BENZONI;;;Scontro frontale/laterale DX fra veicoli in marcia;Intersezione semaforizzata;Due carreggiate;Asciutto;Asfaltata;Verticale ed orizzontale;Sereno;Normale;Buona;;0;0;0;4;12.4845;41.8673;-1;2;Autovettura privata;In marcia / fermata / arresto;Conducente;M;Illeso;0;;;
5290732;11;19/02/2021 15:45:00;Strada Urbana;CIRCONVALLAZIONE OSTIENSE;all'intersezione semaforizzata con;VIA GIROLAMO BENZONI;VIA GIROLAMO BENZONI;;;Scontro frontale/laterale DX fra veicoli in marcia;Intersezione semaforizzata;Due carreggiate;Asciutto;Asfaltata;Verticale ed orizzontale;Sereno;Normale;Buona;;0;0;0;4;12.4845;41.8673;-1;2;Autovettura privata;In marcia / fermata / arresto;Passeggero;M;Illeso;0;;;
5290736;11;19/02/2021 20:30:00;Strada Urbana;VIA APPIA PIGNATELLI;in corrispondenza;;del palo luce n.;138;;Veicolo in marcia contro ostacolo fisso;Curva a visuale libera;Una carreggiata a doppio senso;Asciutto;Asfaltata;Orizzontale;Sereno;Normale;Sufficiente;;0;0;0;2;12.5256;41.8542;-1;1;Autovettura privata;In marcia / fermata / arresto;Conducente;M;Illeso;0;;Non accertato;
5290736;11;19/02/2021 20:30:00;Strada Urbana;VIA APPIA PIGNATELLI;in corrispondenza;;del palo luce n.;138;;Veicolo in marcia contro ostacolo fisso;Curva a visuale libera;Una carreggiata a doppio senso;Asciutto;Asfaltata;Orizzontale;Sereno;Normale;Sufficiente;;0;0;0;2;12.5256;41.8542;-1;1;Autovettura privata;In marcia / fermata / arresto;Passeggero;F;Illeso;0;;Non accertato;
5290798;19;19/02/2021 08:15:00;Strada Urbana;VIA CLAUDIA MUZIO;in prossimità;;del civico n.;8;;Veicolo in marcia contro veicolo in sosta;Galleria non illuminata;Una carreggiata a doppio senso;Asciutto;Asfaltata;Orizzontale;Sereno;Normale;Buona;;0;0;0;0;12.4213;41.9261;-1;1;Autovettura privata;Sosta;;;;;;;
5290798;19;19/02/2021 08:15:00;Strada Urbana;VIA CLAUDIA MUZIO;in prossimità;;del civico n.;8;;Veicolo in marcia contro veicolo in sosta;Galleria non illuminata;Una carreggiata a doppio senso;Asciutto;Asfaltata;Orizzontale;Sereno;Normale;Buona;;0;0;0;0;12.4213;41.9261;-1;2;Autovettura privata;In marcia / fermata / arresto;;;;;;;
5290885;1;18/02/2021 08:50:00;Strada Urbana;PIAZZALE NUMA POMPILIO;da specificare;;;;.;Scontro laterale fra veicoli in marcia;Rettilineo;;;;;;;;;0;0;0;2;;;0;1;Autovettura privata;In marcia / fermata / arresto;Conducente;M;Illeso;0;;Non accertato;Inesploso
5290885;1;18/02/2021 08:50:00;Strada Urbana;PIAZZALE NUMA POMPILIO;da specificare;;;;.;Scontro laterale fra veicoli in marcia;Rettilineo;;;;;;;;;0;0;0;2;;;0;2;Autovettura privata;In marcia / fermata / arresto;Conducente;M;Illeso;0;;Non accertato;Inesploso
5290996;1;20/02/2021 10:15:00;Strada Urbana;PIAZZA DELLA CANCELLERIA;in corrispondenza;;del civico n.;91;;Veicolo in marcia contro veicolo in sosta;Rettilineo;Una carreggiata a doppio senso;Asciutto;In cubetti di porfido;Verticale ed orizzontale;Sereno;Scarso;Buona;;0;0;0;1;;;0;1;Autovettura privata;In marcia / fermata / arresto;Conducente;;Illeso;0;;;
5290996;1;20/02/2021 10:15:00;Strada Urbana;PIAZZA DELLA CANCELLERIA;in corrispondenza;;del civico n.;91;;Veicolo in marcia contro veicolo in sosta;Rettilineo;Una carreggiata a doppio senso;Asciutto;In cubetti di porfido;Verticale ed orizzontale;Sereno;Scarso;Buona;;0;0;0;1;;;0;2;Motociclo a solo;Sosta;;;;;;;
5291022;10;20/02/2021 10:30:00;Strada Urbana;VIA TUSCOLANA;in corrispondenza;;del civico n.;985/B;;Veicolo in marcia contro veicolo fermo;Rettilineo;Due carreggiate;Asciutto;Asfaltata;Verticale ed orizzontale;Sereno;Normale;Buona;;0;0;0;3;12.5662;41.8548;-1;1;Autovettura privata;In marcia / fermata / arresto;Conducente;M;Illeso;0;;Non accertato;Inesploso
5291022;10;20/02/2021 10:30:00;Strada Urbana;VIA TUSCOLANA;in corrispondenza;;del civico n.;985/B;;Veicolo in marcia contro veicolo fermo;Rettilineo;Due carreggiate;Asciutto;Asfaltata;Verticale ed orizzontale;Sereno;Normale;Buona;;0;0;0;3;12.5662;41.8548;-1;2;Autovettura privata;In marcia / fermata / arresto;Conducente;M;Illeso;0;;Non accertato;Inesploso
5291022;10;20/02/2021 10:30:00;Strada Urbana;VIA TUSCOLANA;in corrispondenza;;del civico n.;985/B;;Veicolo in marcia contro veicolo fermo;Rettilineo;Due carreggiate;Asciutto;Asfaltata;Verticale ed orizzontale;Sereno;Normale;Buona;;0;0;0;3;12.5662;41.8548;-1;2;Autovettura privata;In marcia / fermata / arresto;Passeggero;F;Illeso;0;;Non accertato;Inesploso
5291118;10;19/02/2021 15:40:00;Strada Urbana;VIA DELLE CAPANNELLE;in prossimità;;del civico n.;65;;Tamponamento Multiplo;Rettilineo;Una carreggiata a doppio senso;Asciutto;Asfaltata;Verticale ed orizzontale;Sereno;Normale;Buona;;1;0;0;3;12.5666;41.8296;-1;1;Autovettura privata;In marcia / fermata / arresto;Conducente;F;Illeso;0;;Non accertato;Inesploso
5291118;10;19/02/2021 15:40:00;Strada Urbana;VIA DELLE CAPANNELLE;in prossimità;;del civico n.;65;;Tamponamento Multiplo;Rettilineo;Una carreggiata a doppio senso;Asciutto;Asfaltata;Verticale ed orizzontale;Sereno;Normale;Buona;;1;0;0;3;12.5666;41.8296;-1;1;Autovettura privata;In marcia / fermata / arresto;Passeggero;M;Illeso;0;;Non accertato;Inesploso
5291118;10;19/02/2021 15:40:00;Strada Urbana;VIA DELLE CAPANNELLE;in prossimità;;del civico n.;65;;Tamponamento Multiplo;Rettilineo;Una carreggiata a doppio senso;Asciutto;Asfaltata;Verticale ed orizzontale;Sereno;Normale;Buona;;1;0;0;3;12.5666;41.8296;-1;2;Autovettura privata;In marcia / fermata / arresto;Conducente;F;Illeso;0;;Non accertato;Inesploso
5291118;10;19/02/2021 15:40:00;Strada Urbana;VIA DELLE CAPANNELLE;in prossimità;;del civico n.;65;;Tamponamento Multiplo;Rettilineo;Una carreggiata a doppio senso;Asciutto;Asfaltata;Verticale ed orizzontale;Sereno;Normale;Buona;;1;0;0;3;12.5666;41.8296;-1;3;Autovettura privata;In marcia / fermata / arresto;Conducente;F;Rimandato;0;NON DECEDUTO;Non accertato;Inesploso
5291134;2;19/02/2021 08:50:00;Strada Urbana;VIA ANTRODOCO;in prossimità;;del civico n.;fr. 23;;Scontro frontale/laterale DX fra veicoli in marcia;Rettilineo;Una carreggiata a senso unico di marcia;Asciutto;Asfaltata;Verticale ed orizzontale;Sereno;Normale;Buona;;0;0;0;3;12.5194;41.9335;-1;1;Autovettura privata;In marcia / fermata / arresto;Conducente;F;Illeso;0;;Non accertato;Inesploso
5291134;2;19/02/2021 08:50:00;Strada Urbana;VIA ANTRODOCO;in prossimità;;del civico n.;fr. 23;;Scontro frontale/laterale DX fra veicoli in marcia;Rettilineo;Una carreggiata a senso unico di marcia;Asciutto;Asfaltata;Verticale ed orizzontale;Sereno;Normale;Buona;;0;0;0;3;12.5194;41.9335;-1;1;Autovettura privata;In marcia / fermata / arresto;Passeggero;F;Illeso;0;;Non accertato;Inesploso
5291134;2;19/02/2021 08:50:00;Strada Urbana;VIA ANTRODOCO;in prossimità;;del civico n.;fr. 23;;Scontro frontale/laterale DX fra veicoli in marcia;Rettilineo;Una carreggiata a senso unico di marcia;Asciutto;Asfaltata;Verticale ed orizzontale;Sereno;Normale;Buona;;0;0;0;3;12.5194;41.9335;-1;2;Autovettura privata;In marcia / fermata / arresto;Conducente;M;Illeso;0;;Non accertato;Inesploso
5291151;10;19/02/2021 16:47:00;Strada Urbana;VIA TUSCOLANA;in corrispondenza;;del civico n.;884;;Scontro laterale fra veicoli in marcia;Rettilineo;Due carreggiate;Asciutto;Asfaltata;Verticale ed orizzontale;Sereno;Normale;Buona;;0;0;0;3;12.5504;41.8631;-1;1;Autovettura privata;In marcia / fermata / arresto;Conducente;F;Illeso;0;;Non accertato;Inesploso
5291151;10;19/02/2021 16:47:00;Strada Urbana;VIA TUSCOLANA;in corrispondenza;;del civico n.;884;;Scontro laterale fra veicoli in marcia;Rettilineo;Due carreggiate;Asciutto;Asfaltata;Verticale ed orizzontale;Sereno;Normale;Buona;;0;0;0;3;12.5504;41.8631;-1;2;Autovettura privata;In marcia / fermata / arresto;Conducente;F;Illeso;0;;Non accertato;Inesploso
5291151;10;19/02/2021 16:47:00;Strada Urbana;VIA TUSCOLANA;in corrispondenza;;del civico n.;884;;Scontro laterale fra veicoli in marcia;Rettilineo;Due carreggiate;Asciutto;Asfaltata;Verticale ed orizzontale;Sereno;Normale;Buona;;0;0;0;3;12.5504;41.8631;-1;2;Autovettura privata;In marcia / fermata / arresto;Passeggero;M;Illeso;0;;Non accertato;Inesploso
5291183;10;19/02/2021 17:00:00;Strada Urbana;VIA SANDRO PENNA;da specificare;;;;50 m. prima dello svincolo per A1 dir. Tor Vergata;Scontro frontale/laterale DX fra veicoli in marcia;Rettilineo;Una carreggiata a doppio senso;Asciutto;Asfaltata;Verticale ed orizzontale;Sereno;Normale;Buona;;0;0;0;2;12.6268;41.8414;-1;1;Motociclo a solo;In marcia / fermata / arresto;Conducente;M;Illeso;0;;Non accertato;
5291183;10;19/02/2021 17:00:00;Strada Urbana;VIA SANDRO PENNA;da specificare;;;;50 m. prima dello svincolo per A1 dir. Tor Vergata;Scontro frontale/laterale DX fra veicoli in marcia;Rettilineo;Una carreggiata a doppio senso;Asciutto;Asfaltata;Verticale ed orizzontale;Sereno;Normale;Buona;;0;0;0;2;12.6268;41.8414;-1;2;Autovettura privata;In marcia / fermata / arresto;Conducente;F;Illeso;0;;Non accertato;Inesploso
5291188;10;19/02/2021 18:00:00;Strada Urbana;VIALE PALMIRO TOGLIATTI;all'intersezione semaforizzata con;VIA TUSCOLANA;VIA TUSCOLANA;;;Tamponamento;Intersezione semaforizzata;Una carreggiata a senso unico di marcia;Asciutto;Asfaltata;Verticale ed orizzontale;Sereno;Normale;Sufficiente;;1;0;0;1;12.5733;41.8872;-1;1;Motociclo a solo;In marcia / fermata / arresto;Conducente;F;Rimandato;0;NON DECEDUTO;;
5291188;10;19/02/2021 18:00:00;Strada Urbana;VIALE PALMIRO TOGLIATTI;all'intersezione semaforizzata con;VIA TUSCOLANA;VIA TUSCOLANA;;;Tamponamento;Intersezione semaforizzata;Una carreggiata a senso unico di marcia;Asciutto;Asfaltata;Verticale ed orizzontale;Sereno;Normale;Sufficiente;;1;0;0;1;12.5733;41.8872;-1;2;Autocarro inferiore 35 q.;In marcia / fermata / arresto;Conducente;M;Illeso;0;;;Inesploso
5291199;10;19/02/2021 21:10:00;Strada Urbana;VIA APPIA PIGNATELLI;in prossimità;;del civico n.;137;;Scontro laterale fra veicoli in marcia;Rettilineo;Una carreggiata a doppio senso;Asciutto;Asfaltata;Orizzontale;Sereno;Scarso;Sufficiente;;0;0;0;3;12.5284;41.8514;-1;1;Autovettura privata;In marcia / fermata / arresto;Conducente;M;Illeso;0;;Non accertato;Inesploso
5291199;10;19/02/2021 21:10:00;Strada Urbana;VIA APPIA PIGNATELLI;in prossimità;;del civico n.;137;;Scontro laterale fra veicoli in marcia;Rettilineo;Una carreggiata a doppio senso;Asciutto;Asfaltata;Orizzontale;Sereno;Scarso;Sufficiente;;0;0;0;3;12.5284;41.8514;-1;2;Autovettura privata;In marcia / fermata / arresto;Conducente;M;Illeso;0;;Non accertato;Inesploso
5291199;10;19/02/2021 21:10:00;Strada Urbana;VIA APPIA PIGNATELLI;in prossimità;;del civico n.;137;;Scontro laterale fra veicoli in marcia;Rettilineo;Una carreggiata a doppio senso;Asciutto;Asfaltata;Orizzontale;Sereno;Scarso;Sufficiente;;0;0;0;3;12.5284;41.8514;-1;3;Autovettura privata;In marcia / fermata / arresto;Conducente;M;Illeso;0;;Non accertato;Inesploso
5291262;1;20/02/2021 09:00:00;Strada Urbana;VIA MACHIAVELLI;in corrispondenza;;del civico n.;38;;Veicolo in marcia contro veicolo in sosta;Rettilineo;Una carreggiata a senso unico di marcia;Asciutto;Asfaltata;Verticale ed orizzontale;Sereno;Scarso;Buona;;0;0;0;2;;;0;1;Macchina operatrice;In marcia / fermata / arresto;Conducente;M;Illeso;0;;;
5291262;1;20/02/2021 09:00:00;Strada Urbana;VIA MACHIAVELLI;in corrispondenza;;del civico n.;38;;Veicolo in marcia contro veicolo in sosta;Rettilineo;Una carreggiata a senso unico di marcia;Asciutto;Asfaltata;Verticale ed orizzontale;Sereno;Scarso;Buona;;0;0;0;2;;;0;1;Macchina operatrice;In marcia / fermata / arresto;Passeggero;M;Illeso;0;;;
5291262;1;20/02/2021 09:00:00;Strada Urbana;VIA MACHIAVELLI;in corrispondenza;;del civico n.;38;;Veicolo in marcia contro veicolo in sosta;Rettilineo;Una carreggiata a senso unico di marcia;Asciutto;Asfaltata;Verticale ed orizzontale;Sereno;Scarso;Buona;;0;0;0;2;;;0;2;Autovettura privata;Sosta;;;;;;;
5291303;2;19/02/2021 09:30:00;Strada Urbana;VIA GIUSEPPE DE NOTARIS;all'intersezione con;VIA GIUSEPPE MANGILI;VIA GIUSEPPE MANGILI;;;Veicolo in marcia contro ostacolo fisso;Incrocio;Una carreggiata a senso unico di marcia;Asciutto;Acciotolata;Verticale;Sereno;Normale;Buona;;0;0;0;1;12.4823;41.9193;-1;1;Autovettura privata;In marcia / fermata / arresto;Conducente;M;Illeso;0;;;
5291304;2;19/02/2021 09:20:00;Strada Urbana;VIA HOMS;in prossimità;;del civico n.;fr. 14;;Veicolo in marcia contro veicolo in sosta;Rettilineo;Una carreggiata a senso unico di marcia;Asciutto;Asfaltata;Verticale ed orizzontale;Sereno;Scarso;Buona;;0;0;0;2;12.522;41.9288;-1;1;Autovettura privata;In marcia / fermata / arresto;Conducente;F;Illeso;0;;Non accertato;Inesploso
5291304;2;19/02/2021 09:20:00;Strada Urbana;VIA HOMS;in prossimità;;del civico n.;fr. 14;;Veicolo in marcia contro veicolo in sosta;Rettilineo;Una carreggiata a senso unico di marcia;Asciutto;Asfaltata;Verticale ed orizzontale;Sereno;Scarso;Buona;;0;0;0;2;12.522;41.9288;-1;1;Autovettura privata;In marcia / fermata / arresto;Passeggero;M;Illeso;0;;Non accertato;Inesploso
5291304;2;19/02/2021 09:20:00;Strada Urbana;VIA HOMS;in prossimità;;del civico n.;fr. 14;;Veicolo in marcia contro veicolo in sosta;Rettilineo;Una carreggiata a senso unico di marcia;Asciutto;Asfaltata;Verticale ed orizzontale;Sereno;Scarso;Buona;;0;0;0;2;12.522;41.9288;-1;2;Autovettura privata;Sosta;;;;;;;
5291314;1;20/02/2021 12:00:00;Strada Urbana;VIA DRUSO;all'intersezione semaforizzata con;PIAZZALE NUMA POMPILIO;PIAZZALE NUMA POMPILIO;;;Tamponamento Multiplo;Intersezione semaforizzata;Una carreggiata a doppio senso;Asciutto;Asfaltata;Verticale ed orizzontale;Sereno;Normale;Buona;;0;0;0;7;12.4972;41.8812;-1;1;Autovettura privata;In marcia / fermata / arresto;Conducente;M;Illeso;0;;;
5291314;1;20/02/2021 12:00:00;Strada Urbana;VIA DRUSO;all'intersezione semaforizzata con;PIAZZALE NUMA POMPILIO;PIAZZALE NUMA POMPILIO;;;Tamponamento Multiplo;Intersezione semaforizzata;Una carreggiata a doppio senso;Asciutto;Asfaltata;Verticale ed orizzontale;Sereno;Normale;Buona;;0;0;0;7;12.4972;41.8812;-1;1;Autovettura privata;In marcia / fermata / arresto;Passeggero;F;Illeso;0;;;Inesploso
5291314;1;20/02/2021 12:00:00;Strada Urbana;VIA DRUSO;all'intersezione semaforizzata con;PIAZZALE NUMA POMPILIO;PIAZZALE NUMA POMPILIO;;;Tamponamento Multiplo;Intersezione semaforizzata;Una carreggiata a doppio senso;Asciutto;Asfaltata;Verticale ed orizzontale;Sereno;Normale;Buona;;0;0;0;7;12.4972;41.8812;-1;2;Autovettura privata;In marcia / fermata / arresto;Conducente;M;Illeso;0;;;
5291314;1;20/02/2021 12:00:00;Strada Urbana;VIA DRUSO;all'intersezione semaforizzata con;PIAZZALE NUMA POMPILIO;PIAZZALE NUMA POMPILIO;;;Tamponamento Multiplo;Intersezione semaforizzata;Una carreggiata a doppio senso;Asciutto;Asfaltata;Verticale ed orizzontale;Sereno;Normale;Buona;;0;0;0;7;12.4972;41.8812;-1;3;Autovettura privata;In marcia / fermata / arresto;Conducente;M;Illeso;0;;;
5291314;1;20/02/2021 12:00:00;Strada Urbana;VIA DRUSO;all'intersezione semaforizzata con;PIAZZALE NUMA POMPILIO;PIAZZALE NUMA POMPILIO;;;Tamponamento Multiplo;Intersezione semaforizzata;Una carreggiata a doppio senso;Asciutto;Asfaltata;Verticale ed orizzontale;Sereno;Normale;Buona;;0;0;0;7;12.4972;41.8812;-1;3;Autovettura privata;In marcia / fermata / arresto;Passeggero;F;Illeso;0;;;
5291315;17;19/02/2021 11:40:00;Strada Urbana;PIAZZALE DEGLI EROI;in prossimità;;del civico n.;10;;Scontro laterale fra veicoli in marcia;Rotatoria;Una carreggiata a senso unico di marcia;Asciutto;Asfaltata;Verticale ed orizzontale;Sereno;Intenso;Buona;;1;0;0;2;12.4489;41.9089;-1;1;Autocarro inferiore 35 q.;In marcia / fermata / arresto;Conducente;M;Illeso;0;;;
5291315;17;19/02/2021 11:40:00;Strada Urbana;PIAZZALE DEGLI EROI;in prossimità;;del civico n.;10;;Scontro laterale fra veicoli in marcia;Rotatoria;Una carreggiata a senso unico di marcia;Asciutto;Asfaltata;Verticale ed orizzontale;Sereno;Intenso;Buona;;1;0;0;2;12.4489;41.9089;-1;1;Autocarro inferiore 35 q.;In marcia / fermata / arresto;Passeggero;M;Illeso;0;;;
5291315;17;19/02/2021 11:40:00;Strada Urbana;PIAZZALE DEGLI EROI;in prossimità;;del civico n.;10;;Scontro laterale fra veicoli in marcia;Rotatoria;Una carreggiata a senso unico di marcia;Asciutto;Asfaltata;Verticale ed orizzontale;Sereno;Intenso;Buona;;1;0;0;2;12.4489;41.9089;-1;2;Motociclo a solo;In marcia / fermata / arresto;Conducente;M;Rimandato;0;NON DECEDUTO;;
5291319;15;19/02/2021 15:00:00;Strada Urbana;VIA PIEVE FOSCIANA;all'intersezione con;VIA PESCAGLIA;VIA PESCAGLIA;;;Scontro frontale/laterale DX fra veicoli in marcia;Incrocio;Due carreggiate;Asciutto;Asfaltata;Verticale ed orizzontale;Sereno;Normale;Buona;;0;0;0;2;12.4619;41.8464;-1;1;Autovettura privata;In marcia / fermata / arresto;Conducente;M;Illeso;0;;Non accertato;Esploso
5291319;15;19/02/2021 15:00:00;Strada Urbana;VIA PIEVE FOSCIANA;all'intersezione con;VIA PESCAGLIA;VIA PESCAGLIA;;;Scontro frontale/laterale DX fra veicoli in marcia;Incrocio;Due carreggiate;Asciutto;Asfaltata;Verticale ed orizzontale;Sereno;Normale;Buona;;0;0;0;2;12.4619;41.8464;-1;2;Autovettura privata;In marcia / fermata / arresto;Conducente;F;Illeso;0;;Non accertato;Inesploso