Protocollo;Gruppo;DataOraIncidente;Localizzazione1;STRADA1;Localizzazione2;STRADA2;Strada02;Chilometrica;DaSpecificare;NaturaIncidente;particolaritastrade;TipoStrada;FondoStradale;Pavimentazione;Segnaletica;CondizioneAtmosferica;Traffico;Visibilita;Illuminazione;NUM_FERITI;NUM_RISERVATA;NUM_MORTI;NUM_ILLESI;Longitude;Latitude;Confermato;Progressivo;TipoVeicolo;StatoVeicolo;TipoPersona;Sesso;Tipolesione;Deceduto;DecedutoDopo;CinturaCascoUtilizzato;Airbag;
5296164;10;23/02/2021 07:55:00;Strada Urbana;VIA DI TOR VERGATA;da specificare;;;;palo ACEA 101;Tamponamento Multiplo;Rettilineo;Una carreggiata a doppio senso;Asciutto;Asfaltata;Verticale ed orizzontale;Nebbia;Normale;Buona;;0;0;0;6;12.6228;41.838;-1;1;Autovettura privata;In marcia / fermata / arresto;Passeggero;M;Illeso;0;;Non accertato;Inesploso
5296164;10;23/02/2021 07:55:00;Strada Urbana;VIA DI TOR VERGATA;da specificare;;;;palo ACEA 101;Tamponamento Multiplo;Rettilineo;Una carreggiata a doppio senso;Asciutto;Asfaltata;Verticale ed orizzontale;Nebbia;Normale;Buona;;0;0;0;6;12.6228;41.838;-1;2;Autovettura privata;In marcia / fermata / arresto;Conducente;F;Illeso;0;;Non accertato;Inesploso
5296164;10;23/02/2021 07:55:00;Strada Urbana;VIA DI TOR VERGATA;da specificare;;;;palo ACEA 101;Tamponamento Multiplo;Rettilineo;Una carreggiata a doppio senso;Asciutto;Asfaltata;Verticale ed orizzontale;Nebbia;Normale;Buona;;0;0;0;6;12.6228;41.838;-1;3;Autovettura privata;In marcia / fermata / arresto;Conducente;F;Illeso;0;;Non accertato;Inesploso
5296164;10;23/02/2021 07:55:00;Strada Urbana;VIA DI TOR VERGATA;da specificare;;;;palo ACEA 101;Tamponamento Multiplo;Rettilineo;Una carreggiata a doppio senso;Asciutto;Asfaltata;Verticale ed orizzontale;Nebbia;Normale;Buona;;0;0;0;6;12.6228;41.838;-1;3;Autovettura privata;In marcia / fermata / arresto;Passeggero;M;Illeso;0;;Non accertato;Inesploso
5296164;10;23/02/2021 07:55:00;Strada Urbana;VIA DI TOR VERGATA;da specificare;;;;palo ACEA 101;Tamponamento Multiplo;Rettilineo;Una carreggiata a doppio senso;Asciutto;Asfaltata;Verticale ed orizzontale;Nebbia;Normale;Buona;;0;0;0;6;12.6228;41.838;-1;3;Autovettura privata;In marcia / fermata / arresto;Passeggero;F;Illeso;0;;Non accertato;Inesploso
5296204;17;23/02/2021 12:30:00;Strada Urbana;CIRCONVALLAZIONE CLODIA;in prossimità;;del civico n.;76c;;Veicolo in marcia contro ostacolo fisso;Rettilineo;Due carreggiate;Asciutto;Asfaltata;Verticale ed orizzontale;Sereno;Intenso;Buona;;0;0;0;2;12.4574;41.9201;-1;1;Autovettura privata;In marcia / fermata / arresto;Conducente;M;Illeso;0;;;
5296204;17;23/02/2021 12:30:00;Strada Urbana;CIRCONVALLAZIONE CLODIA;in prossimità;;del civico n.;76c;;Veicolo in marcia contro ostacolo fisso;Rettilineo;Due carreggiate;Asciutto;Asfaltata;Verticale ed orizzontale;Sereno;Intenso;Buona;;0;0;0;2;12.4574;41.9201;-1;1;Autovettura privata;In marcia / fermata / arresto;Passeggero;F;Illeso;0;;;
5296215;1;23/02/2021 11:15:00;Strada Urbana;PIAZZA DI S. MARCO;da specificare;;;;fronte fontana del tirreno;Scontro laterale fra veicoli in marcia;;Una carreggiata a senso unico di marcia;Asciutto;In cubetti di porfido;Orizzontale;Sereno;Normale;Buona;;0;0;0;2;;;0;1;Autovettura privata;In marcia / fermata / arresto;Conducente;M;Illeso;0;;;
5296215;1;23/02/2021 11:15:00;Strada Urbana;PIAZZA DI S. MARCO;da specificare;;;;fronte fontana del tirreno;Scontro laterale fra veicoli in marcia;;Una carreggiata a senso unico di marcia;Asciutto;In cubetti di porfido;Orizzontale;Sereno;Normale;Buona;;0;0;0;2;;;0;2;Velocipede;In marcia / fermata / arresto;Conducente;M;Illeso;0;;Esente;
5296216;10;23/02/2021 12:10:00;Strada Urbana;VIA DELLA STAZIONE DI CIAMPINO;in corrispondenza;;del civico n.;144;;Scontro laterale fra veicoli in marcia;Rettilineo;Una carreggiata a doppio senso;Asciutto;Asfaltata;Verticale ed orizzontale;Sereno;Normale;Buona;;0;0;0;4;12.613;41.8104;-1;1;Autovettura privata;In marcia / fermata / arresto;Conducente;F;Illeso;0;;;Inesploso
5296216;10;23/02/2021 12:10:00;Strada Urbana;VIA DELLA STAZIONE DI CIAMPINO;in corrispondenza;;del civico n.;144;;Scontro laterale fra veicoli in marcia;Rettilineo;Una carreggiata a doppio senso;Asciutto;Asfaltata;Verticale ed orizzontale;Sereno;Normale;Buona;;0;0;0;4;12.613;41.8104;-1;1;Autovettura privata;In marcia / fermata / arresto;Passeggero;M;Illeso;0;;;Inesploso
5296216;10;23/02/2021 12:10:00;Strada Urbana;VIA DELLA STAZIONE DI CIAMPINO;in corrispondenza;;del civico n.;144;;Scontro laterale fra veicoli in marcia;Rettilineo;Una carreggiata a doppio senso;Asciutto;Asfaltata;Verticale ed orizzontale;Sereno;Normale;Buona;;0;0;0;4;12.613;41.8104;-1;2;Autocarro inferiore 35 q.;In marcia / fermata / arresto;Conducente;M;Illeso;0;;;Inesploso
5296216;10;23/02/2021 12:10:00;Strada Urbana;VIA DELLA STAZIONE DI CIAMPINO;in corrispondenza;;del civico n.;144;;Scontro laterale fra veicoli in marcia;Rettilineo;Una carreggiata a doppio senso;Asciutto;Asfaltata;Verticale ed orizzontale;Sereno;Normale;Buona;;0;0;0;4;12.613;41.8104;-1;2;Autocarro inferiore 35 q.;In marcia / fermata / arresto;Passeggero;M;Illeso;0;;;Inesploso
5296219;7;23/02/2021 16:15:00;Strada Urbana;VIALE PALMIRO TOGLIATTI;in corrispondenza;;del civico n.;997;;Scontro laterale fra veicoli in marcia;Rettilineo;Una carreggiata a senso unico di marcia;Asciutto;Asfaltata;Verticale ed orizzontale;Sereno;Normale;Buona;;0;0;0;2;12.5742;41.8943;-1;1;Autocarro inferiore 35 q.;In marcia / fermata / arresto;Conducente;M;Illeso;0;;Non accertato;Inesploso
5296219;7;23/02/2021 16:15:00;Strada Urbana;VIALE PALMIRO TOGLIATTI;in corrispondenza;;del civico n.;997;;Scontro laterale fra veicoli in marcia;Rettilineo;Una carreggiata a senso unico di marcia;Asciutto;Asfaltata;Verticale ed orizzontale;Sereno;Normale;Buona;;0;0;0;2;12.5742;41.8943;-1;2;Autovettura privata;In marcia / fermata / arresto;Conducente;M;Illeso;0;;Non accertato;Inesploso
5296227;7;23/02/2021 20:15:00;Strada Urbana;CIRCONVALLAZIONE TIBURTINA;da specificare;;;;altezza Stromieri;Scontro laterale fra veicoli in marcia;Rettilineo;Più di due carreggiate;Asciutto;Asfaltata;Orizzontale;Nuvoloso;Intenso;Sufficiente;;1;0;0;0;;;0;1;Motociclo a solo;In marcia / fermata / arresto;Conducente;M;Rimandato;0;NON DECEDUTO;;
5296227;7;23/02/2021 20:15:00;Strada Urbana;CIRCONVALLAZIONE TIBURTINA;da specificare;;;;altezza Stromieri;Scontro laterale fra veicoli in marcia;Rettilineo;Più di due carreggiate;Asciutto;Asfaltata;Orizzontale;Nuvoloso;Intenso;Sufficiente;;1;0;0;0;;;0;2;Altro;Allontanatosi;;;;;;;
5296243;17;23/02/2021 15:55:00;Strada Urbana;VIA DEI GRACCHI;in prossimità;;del civico n.;282;;Scontro laterale fra veicoli in marcia;Rettilineo;Una carreggiata a senso unico di marcia;Asciutto;Asfaltata;Verticale ed orizzontale;Sereno;Intenso;Buona;;0;0;0;3;12.4672;41.9093;-1;1;Autovettura privata;In marcia / fermata / arresto;Conducente;M;Illeso;0;;;
5296243;17;23/02/2021 15:55:00;Strada Urbana;VIA DEI GRACCHI;in prossimità;;del civico n.;282;;Scontro laterale fra veicoli in marcia;Rettilineo;Una carreggiata a senso unico di marcia;Asciutto;Asfaltata;Verticale ed orizzontale;Sereno;Intenso;Buona;;0;0;0;3;12.4672;41.9093;-1;1;Autovettura privata;In marcia / fermata / arresto;Passeggero;F;Illeso;0;;;
5296243;17;23/02/2021 15:55:00;Strada Urbana;VIA DEI GRACCHI;in prossimità;;del civico n.;282;;Scontro laterale fra veicoli in marcia;Rettilineo;Una carreggiata a senso unico di marcia;Asciutto;Asfaltata;Verticale ed orizzontale;Sereno;Intenso;Buona;;0;0;0;3;12.4672;41.9093;-1;2;Autovettura privata;In marcia / fermata / arresto;Conducente;M;Illeso;0;;;
5296262;1;23/02/2021 06:00:00;Strada Urbana;VIA MERULANA;all'intersezione semaforizzata con;LARGO BRANCACCIO;LARGO BRANCACCIO;;;Scontro frontale/laterale DX fra veicoli in marcia;Intersezione semaforizzata;Una carreggiata a doppio senso;Asciutto;Asfaltata;Verticale ed orizzontale;Sereno;Scarso;Buona;;0;0;0;2;;;0;1;Autovettura privata;In marcia / fermata / arresto;Conducente;M;Illeso;0;;;
5296262;1;23/02/2021 06:00:00;Strada Urbana;VIA MERULANA;all'intersezione semaforizzata con;LARGO BRANCACCIO;LARGO BRANCACCIO;;;Scontro frontale/laterale DX fra veicoli in marcia;Intersezione semaforizzata;Una carreggiata a doppio senso;Asciutto;Asfaltata;Verticale ed orizzontale;Sereno;Scarso;Buona;;0;0;0;2;;;0;2;Autovettura privata;In marcia / fermata / arresto;Conducente;M;Illeso;0;;;
5296267;13;23/02/2021 13:40:00;Strada Urbana;VIA BRUNO MOLAJOLI;da specificare;;;;in prossimità VIA VITO D'ANCONA;Veicolo in marcia contro ostacolo fisso;Rettilineo;Una carreggiata a doppio senso;Asciutto;Asfaltata;Assente;Sereno;Scarso;Buona;;0;0;0;1;12.3629;41.7709;-1;1;Autovettura privata;In marcia / fermata / arresto;Conducente;M;Illeso;0;;Non accertato;Inesploso
5296269;5;23/02/2021 12:20:00;Strada Urbana;VIALE PALMIRO TOGLIATTI;da specificare;;;;svincolo immissione dalla a24;Scontro laterale fra veicoli in marcia;Rettilineo;Più di due carreggiate;Asciutto;Asfaltata;Verticale ed orizzontale;Sereno;Intenso;Buona;;0;0;0;2;12.5733;41.8872;-1;1;Autovettura privata;In marcia / fermata / arresto;Conducente;F;Illeso;0;;Non accertato;
5296269;5;23/02/2021 12:20:00;Strada Urbana;VIALE PALMIRO TOGLIATTI;da specificare;;;;svincolo immissione dalla a24;Scontro laterale fra veicoli in marcia;Rettilineo;Più di due carreggiate;Asciutto;Asfaltata;Verticale ed orizzontale;Sereno;Intenso;Buona;;0;0;0;2;12.5733;41.8872;-1;2;Autoarticolato;In marcia / fermata / arresto;Conducente;M;Illeso;0;;Non accertato;
5296285;5;23/02/2021 14:15:00;Strada Urbana;VIA TIBURTINA;in prossimità;;del civico n.;633;;Tamponamento;Rettilineo;Due carreggiate;Asciutto;Asfaltata;Orizzontale;Sereno;Normale;Buona;;0;0;0;2;12.5467;41.9096;-1;1;Autovettura privata;In marcia / fermata / arresto;Conducente;M;Illeso;0;;Non accertato;
5296285;5;23/02/2021 14:15:00;Strada Urbana;VIA TIBURTINA;in prossimità;;del civico n.;633;;Tamponamento;Rettilineo;Due carreggiate;Asciutto;Asfaltata;Orizzontale;Sereno;Normale;Buona;;0;0;0;2;12.5467;41.9096;-1;2;Autovettura privata;In marcia / fermata / arresto;Conducente;F;Illeso;0;;Non accertato;
5296286;12;23/02/2021 18:50:00;Strada Urbana;VIALE IGNAZIO SILONE;in corrispondenza;;del civico n.;227;;Investimento di pedone;Rettilineo;Due carreggiate;Asciutto;Asfaltata;Verticale ed orizzontale;Sereno;Scarso;Buona;;1;0;0;1;12.4729;41.813;-1;;;;Pedone;F;Rimandato;0;NON DECEDUTO;;
5296286;12;23/02/2021 18:50:00;Strada Urbana;VIALE IGNAZIO SILONE;in corrispondenza;;del civico n.;227;;Investimento di pedone;Rettilineo;Due carreggiate;Asciutto;Asfaltata;Verticale ed orizzontale;Sereno;Scarso;Buona;;1;0;0;1;12.4729;41.813;-1;1;Autovettura privata;In marcia / fermata / arresto;Conducente;M;Illeso;0;;;
5296290;1;23/02/2021 13:00:00;Strada Urbana;VIA MERULANA;da specificare;;;;altezza fermata Atac Merulana/San Giovanni;Scontro laterale fra veicoli in marcia;Rettilineo;Due carreggiate;Asciutto;Asfaltata;Verticale ed orizzontale;Sereno;Normale;Buona;;0;0;0;4;12.5021;41.8917;-1;1;Autovettura privata;In marcia / fermata / arresto;Conducente;M;Illeso;0;;;
5296290;1;23/02/2021 13:00:00;Strada Urbana;VIA MERULANA;da specificare;;;;altezza fermata Atac Merulana/San Giovanni;Scontro laterale fra veicoli in marcia;Rettilineo;Due carreggiate;Asciutto;Asfaltata;Verticale ed orizzontale;Sereno;Normale;Buona;;0;0;0;4;12.5021;41.8917;-1;1;Autovettura privata;In marcia / fermata / arresto;Passeggero;F;Illeso;0;;Non accertato;
5296290;1;23/02/2021 13:00:00;Strada Urbana;VIA MERULANA;da specificare;;;;altezza fermata Atac Merulana/San Giovanni;Scontro laterale fra veicoli in marcia;Rettilineo;Due carreggiate;Asciutto;Asfaltata;Verticale ed orizzontale;Sereno;Normale;Buona;;0;0;0;4;12.5021;41.8917;-1;2;Autobus urbano;In marcia / fermata / arresto;Conducente;M;Illeso;0;;;
5296298;5;23/02/2021 19:15:00;Strada Urbana;VIA DEI MONTI TIBURTINI;da specificare;;;;prossimità via feronia;Investimento di pedone;Rettilineo;Due carreggiate;Asciutto;Asfaltata;Verticale ed orizzontale;Sereno;Normale;Sufficiente;;1;0;0;1;12.5414;41.9176;-1;;;;Pedone;M;Rimandato;0;NON DECEDUTO;;
5296298;5;23/02/2021 19:15:00;Strada Urbana;VIA DEI MONTI TIBURTINI;da specificare;;;;prossimità via feronia;Investimento di pedone;Rettilineo;Due carreggiate;Asciutto;Asfaltata;Verticale ed orizzontale;Sereno;Normale;Sufficiente;;1;0;0;1;12.5414;41.9176;-1;1;Autovettura privata;In marcia / fermata / arresto;Conducente;M;Illeso;0;;Non accertato;
5296314;16;23/02/2021 14:10:00;Strada Urbana;PIAZZALE ENRICO DUNANT;in corrispondenza;;del civico n.;51;;Scontro frontale/laterale SX fra veicoli in marcia;Rettilineo;Due carreggiate;Asciutto;Asfaltata;Verticale ed orizzontale;Sereno;Normale;Buona;;1;0;0;1;12.4579;41.8731;-1;1;Autovettura privata;In marcia / fermata / arresto;Conducente;F;Illeso;0;;Non accertato;Inesploso
5296314;16;23/02/2021 14:10:00;Strada Urbana;PIAZZALE ENRICO DUNANT;in corrispondenza;;del civico n.;51;;Scontro frontale/laterale SX fra veicoli in marcia;Rettilineo;Due carreggiate;Asciutto;Asfaltata;Verticale ed orizzontale;Sereno;Normale;Buona;;1;0;0;1;12.4579;41.8731;-1;2;Motociclo a solo;In marcia / fermata / arresto;Conducente;M;Ricoverato;0;NON DECEDUTO;Non accertato;
5296336;4;23/02/2021 17:15:00;Strada Urbana;VIA CORTONA;da specificare;;;;altezza cavalcavia Salaria;Scontro laterale fra veicoli in marcia;Curva a visuale libera;Una carreggiata a doppio senso;Asciutto;Asfaltata;Verticale ed orizzontale;Sereno;Normale;Buona;;0;0;0;2;12.5067;41.9679;-1;1;Autovettura privata;In marcia / fermata / arresto;Conducente;M;Illeso;0;;Non accertato;Inesploso
5296336;4;23/02/2021 17:15:00;Strada Urbana;VIA CORTONA;da specificare;;;;altezza cavalcavia Salaria;Scontro laterale fra veicoli in marcia;Curva a visuale libera;Una carreggiata a doppio senso;Asciutto;Asfaltata;Verticale ed orizzontale;Sereno;Normale;Buona;;0;0;0;2;12.5067;41.9679;-1;2;Autoarticolato;In marcia / fermata / arresto;Conducente;M;Illeso;0;;;
5296337;16;23/02/2021 11:00:00;Strada Urbana;VIA DI BRAVETTA;in prossimità;;del civico n.;784;;Veicolo in marcia contro ostacolo accidentale;Rettilineo;Una carreggiata a doppio senso;Asciutto;Asfaltata;Verticale ed orizzontale;Sereno;Normale;Buona;;1;0;0;0;12.4231;41.8667;-1;1;Motociclo a solo;In marcia / fermata / arresto;Conducente;M;Rimandato;0;NON DECEDUTO;Non accertato;
5296340;17;23/02/2021 09:00:00;Strada Urbana;VIA BOEZIO;in prossimità;;del civico n.;25;;Scontro laterale fra veicoli in marcia;Rettilineo;Una carreggiata a senso unico di marcia;Asciutto;Asfaltata;Verticale ed orizzontale;Sereno;Scarso;Buona;;0;0;0;2;12.4637;41.9065;-1;1;Autovettura privata;In marcia / fermata / arresto;Conducente;F;Illeso;0;;;
5296340;17;23/02/2021 09:00:00;Strada Urbana;VIA BOEZIO;in prossimità;;del civico n.;25;;Scontro laterale fra veicoli in marcia;Rettilineo;Una carreggiata a senso unico di marcia;Asciutto;Asfaltata;Verticale ed orizzontale;Sereno;Scarso;Buona;;0;0;0;2;12.4637;41.9065;-1;2;Autovettura privata;In marcia / fermata / arresto;Conducente;M;Illeso;0;;;
5296353;1;23/02/2021 14:10:00;Strada Urbana;PASSEGGIATA DEL GIANICOLO;da specificare;;;;in corrispondenza dell'albero n. 114;Veicolo in marcia contro ostacolo accidentale;Rettilineo;Una carreggiata a doppio senso;Asciutto;Asfaltata;Verticale ed orizzontale;Sereno;Normale;Buona;;0;0;0;3;12.4613;41.8964;-1;1;Autovettura pubblica;In marcia / fermata / arresto;Conducente;M;Illeso;0;;Non accertato;Inesploso
5296353;1;23/02/2021 14:10:00;Strada Urbana;PASSEGGIATA DEL GIANICOLO;da specificare;;;;in corrispondenza dell'albero n. 114;Veicolo in marcia contro ostacolo accidentale;Rettilineo;Una carreggiata a doppio senso;Asciutto;Asfaltata;Verticale ed orizzontale;Sereno;Normale;Buona;;0;0;0;3;12.4613;41.8964;-1;2;Autovettura privata;In marcia / fermata / arresto;Conducente;M;Illeso;0;;Non accertato;Inesploso
5296353;1;23/02/2021 14:10:00;Strada Urbana;PASSEGGIATA DEL GIANICOLO;da specificare;;;;in corrispondenza dell'albero n. 114;Veicolo in marcia contro ostacolo accidentale;Rettilineo;Una carreggiata a doppio senso;Asciutto;Asfaltata;Verticale ed orizzontale;Sereno;Normale;Buona;;0;0;0;3;12.4613;41.8964;-1;2;Autovettura privata;In marcia / fermata / arresto;Passeggero;M;Illeso;0;;Non accertato;Inesploso
5296355;4;23/02/2021 09:10:00;Strada Urbana;VIA DELLE ISOLE CURZOLANE;in corrispondenza;;del civico n.;134;;Veicolo in marcia contro veicolo fermo;Rettilineo;Due carreggiate;Asciutto;Asfaltata;Verticale ed orizzontale;Sereno;Normale;Buona;;1;0;0;2;12.5315;41.9489;-1;1;Motociclo a solo;In marcia / fermata / arresto;Conducente;M;Rimandato;0;NON DECEDUTO;;
5296355;4;23/02/2021 09:10:00;Strada Urbana;VIA DELLE ISOLE CURZOLANE;in corrispondenza;;del civico n.;134;;Veicolo in marcia contro veicolo fermo;Rettilineo;Due carreggiate;Asciutto;Asfaltata;Verticale ed orizzontale;Sereno;Normale;Buona;;1;0;0;2;12.5315;41.9489;-1;2;Autovettura privata;In marcia / fermata / arresto;Conducente;M;Illeso;0;;;
5296355;4;23/02/2021 09:10:00;Strada Urbana;VIA DELLE ISOLE CURZOLANE;in corrispondenza;;del civico n.;134;;Veicolo in marcia contro veicolo fermo;Rettilineo;Due carreggiate;Asciutto;Asfaltata;Verticale ed orizzontale;Sereno;Normale;Buona;;1;0;0;2;12.5315;41.9489;-1;2;Autovettura privata;In marcia / fermata / arresto;Passeggero;F;Illeso;0;;;
5296374;4;23/02/2021 19:20:00;Strada Urbana;VIA NOMENTANA;in corrispondenza;;del civico n.;322;;Tamponamento Multiplo;Rettilineo;Una carreggiata a doppio senso;Asciutto;Asfaltata;Verticale ed orizzontale;Sereno;Normale;Buona;;0;0;0;5;12.5279;41.9312;-1;1;Autovettura privata;In marcia / fermata / arresto;Conducente;M;Illeso;0;;;
5296374;4;23/02/2021 19:20:00;Strada Urbana;VIA NOMENTANA;in corrispondenza;;del civico n.;322;;Tamponamento Multiplo;Rettilineo;Una carreggiata a doppio senso;Asciutto;Asfaltata;Verticale ed orizzontale;Sereno;Normale;Buona;;0;0;0;5;12.5279;41.9312;-1;2;Autovettura privata;In marcia / fermata / arresto;Conducente;M;Illeso;0;;Non accertato;Inesploso
5296374;4;23/02/2021 19:20:00;Strada Urbana;VIA NOMENTANA;in corrispondenza;;del civico n.;322;;Tamponamento Multiplo;Rettilineo;Una carreggiata a doppio senso;Asciutto;Asfaltata;Verticale ed orizzontale;Sereno;Normale;Buona;;0;0;0;5;12.5279;41.9312;-1;3;Autovettura privata;In marcia / fermata / arresto;Conducente;F;Illeso;0;;;
5296374;4;23/02/2021 19:20:00;Strada Urbana;VIA NOMENTANA;in corrispondenza;;del civico n.;322;;Tamponamento Multiplo;Rettilineo;Una carreggiata a doppio senso;Asciutto;Asfaltata;Verticale ed orizzontale;Sereno;Normale;Buona;;0;0;0;5;12.5279;41.9312;-1;4;Autovettura privata;In marcia / fermata / arresto;Conducente;M;Illeso;0;;;
5296374;4;23/02/2021 19:20:00;Strada Urbana;VIA NOMENTANA;in corrispondenza;;del civico n.;322;;Tamponamento Multiplo;Rettilineo;Una carreggiata a doppio senso;Asciutto;Asfaltata;Verticale ed orizzontale;Sereno;Normale;Buona;;0;0;0;5;12.5279;41.9312;-1;5;Autovettura privata;In marcia / fermata / arresto;Conducente;M;Illeso;0;;;
5296393;7;23/02/2021 14:10:00;Strada Urbana;VIA PRENESTINA;in prossimità;;del civico n.;1076;;Tamponamento Multiplo;Rettilineo;Una carreggiata a doppio senso;Asciutto;Asfaltata;Orizzontale;Sereno;Intenso;Buona;;0;0;0;3;12.6108;41.8911;-1;1;Autocarro inferiore 35 q.;In marcia / fermata / arresto;Conducente;M;Illeso;0;;Non accertato;Inesploso
5296393;7;23/02/2021 14:10:00;Strada Urbana;VIA PRENESTINA;in prossimità;;del civico n.;1076;;Tamponamento Multiplo;Rettilineo;Una carreggiata a doppio senso;Asciutto;Asfaltata;Orizzontale;Sereno;Intenso;Buona;;0;0;0;3;12.6108;41.8911;-1;2;Autovettura privata;In marcia / fermata / arresto;Conducente;M;Illeso;0;;Non accertato;Inesploso
5296393;7;23/02/2021 14:10:00;Strada Urbana;VIA PRENESTINA;in prossimità;;del civico n.;1076;;Tamponamento Multiplo;Rettilineo;Una carreggiata a doppio senso;Asciutto;Asfaltata;Orizzontale;Sereno;Intenso;Buona;;0;0;0;3;12.6108;41.8911;-1;3;Motociclo a solo;In marcia / fermata / arresto;Conducente;M;Illeso;0;;Utilizzato;
5296452;7;23/02/2021 14:00:00;Strada Urbana;VIA PRENESTINA;da specificare;;;;INTERNO PARCHEGGIO GRAN ROMA;Scontro laterale fra veicoli in marcia;Rettilineo;Una carreggiata a senso unico di marcia;Asciutto;Asfaltata;Verticale ed orizzontale;Sereno;Normale;Buona;;0;0;0;3;12.6155;41.8933;-1;1;Autovettura privata;In marcia / fermata / arresto;Conducente;M;Illeso;0;;Non accertato;Inesploso
5296452;7;23/02/2021 14:00:00;Strada Urbana;VIA PRENESTINA;da specificare;;;;INTERNO PARCHEGGIO GRAN ROMA;Scontro laterale fra veicoli in marcia;Rettilineo;Una carreggiata a senso unico di marcia;Asciutto;Asfaltata;Verticale ed orizzontale;Sereno;Normale;Buona;;0;0;0;3;12.6155;41.8933;-1;1;Autovettura privata;In marcia / fermata / arresto;Passeggero;F;Illeso;0;;Non accertato;Inesploso
5296452;7;23/02/2021 14:00:00;Strada Urbana;VIA PRENESTINA;da specificare;;;;INTERNO PARCHEGGIO GRAN ROMA;Scontro laterale fra veicoli in marcia;Rettilineo;Una carreggiata a senso unico di marcia;Asciutto;Asfaltata;Verticale ed orizzontale;Sereno;Normale;Buona;;0;0;0;3;12.6155;41.8933;-1;2;Autovettura privata;In marcia / fermata / arresto;Conducente;F;Illeso;0;;Non accertato;Inesploso
5296452;7;23/02/2021 14:00:00;Strada Urbana;VIA PRENESTINA;da specificare;;;;INTERNO PARCHEGGIO GRAN ROMA;Scontro laterale fra veicoli in marcia;Rettilineo;Una carreggiata a senso unico di marcia;Asciutto;Asfaltata;Verticale ed orizzontale;Sereno;Normale;Buona;;0;0;0;3;12.6155;41.8933;-1;3;Autovettura privata;Sosta;;;;;;;
5296488;4;23/02/2021 12:30:00;Strada Urbana;VIA LUIGI BERTELLI;all'intersezione con;VIA GEROLAMO TIRABOSCHI;VIA GEROLAMO TIRABOSCHI;;;Scontro laterale fra veicoli in marcia;Incrocio;Due carreggiate;Asciutto;Asfaltata;Verticale ed orizzontale;Sereno;Normale;Buona;;1;0;0;1;12.5418;41.9395;-1;1;Autovettura privata;In marcia / fermata / arresto;Conducente;F;Illeso;0;;Non accertato;Inesploso
5296488;4;23/02/2021 12:30:00;Strada Urbana;VIA LUIGI BERTELLI;all'intersezione con;VIA GEROLAMO TIRABOSCHI;VIA GEROLAMO TIRABOSCHI;;;Scontro laterale fra veicoli in marcia;Incrocio;Due carreggiate;Asciutto;Asfaltata;Verticale ed orizzontale;Sereno;Normale;Buona;;1;0;0;1;12.5418;41.9395;-1;2;Motociclo a solo;In marcia / fermata / arresto;Conducente;M;Rimandato;0;NON DECEDUTO;Non accertato;
5296533;17;24/02/2021 08:05:00;Strada Urbana;PIAZZA BAINSIZZA;da specificare;;;;in prossimità fronte civico 12;Scontro laterale fra veicoli in marcia;Rotatoria;Una carreggiata a senso unico di marcia;Asciutto;Asfaltata;Verticale ed orizzontale;Sereno;Normale;Buona;;1;0;0;1;12.4611;41.9197;-1;1;Autovettura privata;In marcia / fermata / arresto;Conducente;M;Illeso;0;;;
5296533;17;24/02/2021 08:05:00;Strada Urbana;PIAZZA BAINSIZZA;da specificare;;;;in prossimità fronte civico 12;Scontro laterale fra veicoli in marcia;Rotatoria;Una carreggiata a senso unico di marcia;Asciutto;Asfaltata;Verticale ed orizzontale;Sereno;Normale;Buona;;1;0;0;1;12.4611;41.9197;-1;2;Motociclo a solo;In marcia / fermata / arresto;Conducente;M;Rimandato;0;NON DECEDUTO;;
5296579;4;23/02/2021 19:40:00;Strada Urbana;VIA PIAN DI SCO;in prossimità;;del civico n.;25;;Scontro frontale/laterale SX fra veicoli in marcia;Rettilineo;Una carreggiata a doppio senso;Asciutto;Asfaltata;Orizzontale;Sereno;Scarso;Buona;;1;0;0;1;12.5183;41.9605;-1;1;Motociclo a solo;In marcia / fermata / arresto;Conducente;M;Ricoverato;0;NON DECEDUTO;Non accertato;
5296579;4;23/02/2021 19:40:00;Strada Urbana;VIA PIAN DI SCO;in prossimità;;del civico n.;25;;Scontro frontale/laterale SX fra veicoli in marcia;Rettilineo;Una carreggiata a doppio senso;Asciutto;Asfaltata;Orizzontale;Sereno;Scarso;Buona;;1;0;0;1;12.5183;41.9605;-1;2;Autovettura privata;In marcia / fermata / arresto;Conducente;M;Illeso;0;;Non accertato;Inesploso
5296581;6;24/02/2021 11:00:00;Strada Urbana;VIA CASILINA;in corrispondenza;;del civico n.;769;;Scontro laterale fra veicoli in marcia;Rettilineo;Una carreggiata a doppio senso;Asciutto;Asfaltata;Assente;Sereno;Scarso;Buona;;0;0;0;2;12.5569;41.8761;-1;1;Autocarro inferiore 35 q.;In marcia / fermata / arresto;Conducente;M;Illeso;0;;Non accertato;Inesploso
5296581;6;24/02/2021 11:00:00;Strada Urbana;VIA CASILINA;in corrispondenza;;del civico n.;769;;Scontro laterale fra veicoli in marcia;Rettilineo;Una carreggiata a doppio senso;Asciutto;Asfaltata;Assente;Sereno;Scarso;Buona;;0;0;0;2;12.5569;41.8761;-1;2;Autovettura privata;In marcia / fermata / arresto;Conducente;M;Illeso;0;;Non accertato;Inesploso