Protocollo;Gruppo;DataOraIncidente;Localizzazione1;STRADA1;Localizzazione2;STRADA2;Strada02;Chilometrica;DaSpecificare;NaturaIncidente;particolaritastrade;TipoStrada;FondoStradale;Pavimentazione;Segnaletica;CondizioneAtmosferica;Traffico;Visibilita;Illuminazione;NUM_FERITI;NUM_RISERVATA;NUM_MORTI;NUM_ILLESI;Longitude;Latitude;Confermato;Progressivo;TipoVeicolo;StatoVeicolo;TipoPersona;Sesso;Tipolesione;Deceduto;DecedutoDopo;CinturaCascoUtilizzato;Airbag;
5299395;8;25/02/2021 17:00:00;Strada Urbana;VIA CASILINA;in prossimità;;del palo luce n.;422;;Tamponamento;Rettilineo;Una carreggiata a doppio senso;Asciutto;Asfaltata;Verticale ed orizzontale;Sereno;Normale;Buona;;0;0;0;3;12.6212;41.8626;-1;1;Autovettura privata;In marcia / fermata / arresto;Conducente;M;Illeso;0;;Non accertato;Inesploso
5299395;8;25/02/2021 17:00:00;Strada Urbana;VIA CASILINA;in prossimità;;del palo luce n.;422;;Tamponamento;Rettilineo;Una carreggiata a doppio senso;Asciutto;Asfaltata;Verticale ed orizzontale;Sereno;Normale;Buona;;0;0;0;3;12.6212;41.8626;-1;2;Autovettura privata;In marcia / fermata / arresto;Conducente;F;Illeso;0;;Non accertato;Inesploso
5299395;8;25/02/2021 17:00:00;Strada Urbana;VIA CASILINA;in prossimità;;del palo luce n.;422;;Tamponamento;Rettilineo;Una carreggiata a doppio senso;Asciutto;Asfaltata;Verticale ed orizzontale;Sereno;Normale;Buona;;0;0;0;3;12.6212;41.8626;-1;2;Autovettura privata;In marcia / fermata / arresto;Passeggero;M;Illeso;0;;;
5299536;6;25/02/2021 17:35:00;Strada Urbana;VIA TOR DE' SCHIAVI;in prossimità;;del civico n.;393;;Scontro frontale/laterale SX fra veicoli in marcia;Rettilineo;Due carreggiate;Asciutto;Asfaltata;Verticale ed orizzontale;Sereno;Normale;Buona;;1;0;0;2;12.5592;41.894;-1;1;Autovettura privata;In marcia / fermata / arresto;Conducente;M;Illeso;0;;Non accertato;Inesploso
5299536;6;25/02/2021 17:35:00;Strada Urbana;VIA TOR DE' SCHIAVI;in prossimità;;del civico n.;393;;Scontro frontale/laterale SX fra veicoli in marcia;Rettilineo;Due carreggiate;Asciutto;Asfaltata;Verticale ed orizzontale;Sereno;Normale;Buona;;1;0;0;2;12.5592;41.894;-1;2;Autovettura privata;In marcia / fermata / arresto;Conducente;M;Illeso;0;;Non accertato;Inesploso
5299536;6;25/02/2021 17:35:00;Strada Urbana;VIA TOR DE' SCHIAVI;in prossimità;;del civico n.;393;;Scontro frontale/laterale SX fra veicoli in marcia;Rettilineo;Due carreggiate;Asciutto;Asfaltata;Verticale ed orizzontale;Sereno;Normale;Buona;;1;0;0;2;12.5592;41.894;-1;2;Autovettura privata;In marcia / fermata / arresto;Passeggero;M;Rimandato;0;NON DECEDUTO;Non accertato;Inesploso
5299541;18;25/02/2021 23:15:00;Strada Urbana;VIA DEI CORRIDORI;in prossimità;;del civico n.;46;;Veicolo in marcia contro veicolo in sosta;Rettilineo;Una carreggiata a doppio senso;Bagnato (umidità in atto);In cubetti di porfido;Verticale ed orizzontale;Sereno;Scarso;Insufficiente;;0;0;0;1;12.4599;41.903;-1;1;Autovettura privata;In marcia / fermata / arresto;Conducente;M;Illeso;0;;Non accertato;Inesploso
5299541;18;25/02/2021 23:15:00;Strada Urbana;VIA DEI CORRIDORI;in prossimità;;del civico n.;46;;Veicolo in marcia contro veicolo in sosta;Rettilineo;Una carreggiata a doppio senso;Bagnato (umidità in atto);In cubetti di porfido;Verticale ed orizzontale;Sereno;Scarso;Insufficiente;;0;0;0;1;12.4599;41.903;-1;2;Autovettura privata;Sosta;;;;;;;
5299564;18;25/02/2021 10:48:00;Strada Urbana;LARGO TOMASO PERASSI;all'intersezione semaforizzata con;VIA AURELIA;VIA AURELIA;;;Tamponamento;Intersezione semaforizzata;Due carreggiate;Asciutto;Asfaltata;Verticale ed orizzontale;Sereno;Normale;Buona;;0;0;0;3;12.41;41.8894;-1;1;Autovettura privata;In marcia / fermata / arresto;Conducente;M;Illeso;0;;Non accertato;Inesploso
5299564;18;25/02/2021 10:48:00;Strada Urbana;LARGO TOMASO PERASSI;all'intersezione semaforizzata con;VIA AURELIA;VIA AURELIA;;;Tamponamento;Intersezione semaforizzata;Due carreggiate;Asciutto;Asfaltata;Verticale ed orizzontale;Sereno;Normale;Buona;;0;0;0;3;12.41;41.8894;-1;1;Autovettura privata;In marcia / fermata / arresto;Passeggero;M;Illeso;0;;Non accertato;Inesploso
5299564;18;25/02/2021 10:48:00;Strada Urbana;LARGO TOMASO PERASSI;all'intersezione semaforizzata con;VIA AURELIA;VIA AURELIA;;;Tamponamento;Intersezione semaforizzata;Due carreggiate;Asciutto;Asfaltata;Verticale ed orizzontale;Sereno;Normale;Buona;;0;0;0;3;12.41;41.8894;-1;2;Autovettura privata;In marcia / fermata / arresto;Conducente;M;Illeso;0;;Non accertato;Inesploso
5299565;9;25/02/2021 16:00:00;Strada Urbana;VIA SIRIA;all'intersezione semaforizzata con;CIRCONVALLAZIONE APPIA;CIRCONVALLAZIONE APPIA;;;Scontro laterale fra veicoli in marcia;Intersezione semaforizzata;Una carreggiata a doppio senso;Asciutto;Asfaltata;Verticale ed orizzontale;Sereno;Intenso;Buona;;0;0;0;3;12.5116;41.8744;0;1;Autovettura privata;In marcia / fermata / arresto;Conducente;M;Illeso;0;;Non accertato;Inesploso
5299565;9;25/02/2021 16:00:00;Strada Urbana;VIA SIRIA;all'intersezione semaforizzata con;CIRCONVALLAZIONE APPIA;CIRCONVALLAZIONE APPIA;;;Scontro laterale fra veicoli in marcia;Intersezione semaforizzata;Una carreggiata a doppio senso;Asciutto;Asfaltata;Verticale ed orizzontale;Sereno;Intenso;Buona;;0;0;0;3;12.5116;41.8744;0;1;Autovettura privata;In marcia / fermata / arresto;Passeggero;F;Illeso;0;;Non accertato;Inesploso
5299565;9;25/02/2021 16:00:00;Strada Urbana;VIA SIRIA;all'intersezione semaforizzata con;CIRCONVALLAZIONE APPIA;CIRCONVALLAZIONE APPIA;;;Scontro laterale fra veicoli in marcia;Intersezione semaforizzata;Una carreggiata a doppio senso;Asciutto;Asfaltata;Verticale ed orizzontale;Sereno;Intenso;Buona;;0;0;0;3;12.5116;41.8744;0;2;Motociclo a solo;In marcia / fermata / arresto;Conducente;M;Illeso;0;;Non accertato;
5299570;17;24/02/2021 19:10:00;Strada Urbana;PIAZZA ADRIANA;in prossimità;;del civico n.;20;;Scontro laterale fra veicoli in marcia;Rettilineo;Una carreggiata a senso unico di marcia;Asciutto;Asfaltata;Verticale ed orizzontale;Sereno;Intenso;Sufficiente;;0;0;0;3;12.4641;41.9042;-1;1;Autovettura privata;In marcia / fermata / arresto;Conducente;M;Illeso;0;;;
5299570;17;24/02/2021 19:10:00;Strada Urbana;PIAZZA ADRIANA;in prossimità;;del civico n.;20;;Scontro laterale fra veicoli in marcia;Rettilineo;Una carreggiata a senso unico di marcia;Asciutto;Asfaltata;Verticale ed orizzontale;Sereno;Intenso;Sufficiente;;0;0;0;3;12.4641;41.9042;-1;1;Autovettura privata;In marcia / fermata / arresto;Passeggero;F;Illeso;0;;;
5299570;17;24/02/2021 19:10:00;Strada Urbana;PIAZZA ADRIANA;in prossimità;;del civico n.;20;;Scontro laterale fra veicoli in marcia;Rettilineo;Una carreggiata a senso unico di marcia;Asciutto;Asfaltata;Verticale ed orizzontale;Sereno;Intenso;Sufficiente;;0;0;0;3;12.4641;41.9042;-1;2;Autovettura privata;In marcia / fermata / arresto;Conducente;M;Illeso;0;;;
5299579;12;25/02/2021 16:20:00;Strada Urbana;VIA LAURENTINA;all'intersezione semaforizzata con;VIA CELINE;VIA CELINE;;;Scontro frontale/laterale DX fra veicoli in marcia;Incrocio;Più di due carreggiate;Asciutto;Asfaltata;Verticale ed orizzontale;Sereno;Normale;Buona;;1;0;0;3;12.4847;41.8089;-1;1;Autovettura privata;In marcia / fermata / arresto;Conducente;M;Rimandato;0;NON DECEDUTO;;
5299579;12;25/02/2021 16:20:00;Strada Urbana;VIA LAURENTINA;all'intersezione semaforizzata con;VIA CELINE;VIA CELINE;;;Scontro frontale/laterale DX fra veicoli in marcia;Incrocio;Più di due carreggiate;Asciutto;Asfaltata;Verticale ed orizzontale;Sereno;Normale;Buona;;1;0;0;3;12.4847;41.8089;-1;1;Autovettura privata;In marcia / fermata / arresto;Passeggero;F;Illeso;0;;;
5299579;12;25/02/2021 16:20:00;Strada Urbana;VIA LAURENTINA;all'intersezione semaforizzata con;VIA CELINE;VIA CELINE;;;Scontro frontale/laterale DX fra veicoli in marcia;Incrocio;Più di due carreggiate;Asciutto;Asfaltata;Verticale ed orizzontale;Sereno;Normale;Buona;;1;0;0;3;12.4847;41.8089;-1;2;Autovettura privata;In marcia / fermata / arresto;Conducente;F;Illeso;0;;;Inesploso
5299579;12;25/02/2021 16:20:00;Strada Urbana;VIA LAURENTINA;all'intersezione semaforizzata con;VIA CELINE;VIA CELINE;;;Scontro frontale/laterale DX fra veicoli in marcia;Incrocio;Più di due carreggiate;Asciutto;Asfaltata;Verticale ed orizzontale;Sereno;Normale;Buona;;1;0;0;3;12.4847;41.8089;-1;3;Autovettura privata;In marcia / fermata / arresto;Conducente;M;Illeso;0;;;
5299586;18;25/02/2021 13:15:00;Strada Urbana;CIRCONVALLAZIONE CORNELIA;all'intersezione semaforizzata con;PIAZZA S. GIOVANNI BATTISTA DE LA SALLE;PIAZZA S. GIOVANNI BATTISTA DE LA SALLE;;;Scontro frontale fra veicoli in marcia;Incrocio;Più di due carreggiate;Asciutto;Asfaltata;Verticale ed orizzontale;Sereno;Normale;Buona;;0;0;0;3;12.4259;41.902;-1;1;Autovettura di soccorso;In marcia / fermata / arresto;Conducente;M;Illeso;0;;Non accertato;Inesploso
5299586;18;25/02/2021 13:15:00;Strada Urbana;CIRCONVALLAZIONE CORNELIA;all'intersezione semaforizzata con;PIAZZA S. GIOVANNI BATTISTA DE LA SALLE;PIAZZA S. GIOVANNI BATTISTA DE LA SALLE;;;Scontro frontale fra veicoli in marcia;Incrocio;Più di due carreggiate;Asciutto;Asfaltata;Verticale ed orizzontale;Sereno;Normale;Buona;;0;0;0;3;12.4259;41.902;-1;1;Autovettura di soccorso;In marcia / fermata / arresto;Passeggero;F;Illeso;0;;Non accertato;Inesploso
5299586;18;25/02/2021 13:15:00;Strada Urbana;CIRCONVALLAZIONE CORNELIA;all'intersezione semaforizzata con;PIAZZA S. GIOVANNI BATTISTA DE LA SALLE;PIAZZA S. GIOVANNI BATTISTA DE LA SALLE;;;Scontro frontale fra veicoli in marcia;Incrocio;Più di due carreggiate;Asciutto;Asfaltata;Verticale ed orizzontale;Sereno;Normale;Buona;;0;0;0;3;12.4259;41.902;-1;2;Autovettura privata;Allontanatosi;Conducente;M;Illeso;0;;Non accertato;Inesploso
5299589;6;25/02/2021 20:45:00;Strada Urbana;PIAZZALE PRENESTINO;da specificare;;;;fronte civico 32;Scontro laterale fra veicoli in marcia;Rettilineo;Una carreggiata a doppio senso;Asciutto;Asfaltata;Verticale ed orizzontale;Sereno;Normale;Buona;;0;0;0;2;12.527;41.891;-1;1;Autocarro superiore 35 q.;In marcia / fermata / arresto;Conducente;M;Illeso;0;;;
5299589;6;25/02/2021 20:45:00;Strada Urbana;PIAZZALE PRENESTINO;da specificare;;;;fronte civico 32;Scontro laterale fra veicoli in marcia;Rettilineo;Una carreggiata a doppio senso;Asciutto;Asfaltata;Verticale ed orizzontale;Sereno;Normale;Buona;;0;0;0;2;12.527;41.891;-1;2;Autovettura privata;In marcia / fermata / arresto;Conducente;M;Illeso;0;;;
5299590;1;25/02/2021 19:00:00;Strada Urbana;PIAZZA DI PORTA S. PAOLO;all'intersezione con;VIA MARMORATA;VIA MARMORATA;;;Scontro laterale fra veicoli in marcia;Incrocio;Una carreggiata a doppio senso;Asciutto;In cubetti di porfido;Verticale;Sereno;Normale;Buona;;0;0;0;2;12.4811;41.877;-1;1;Autovettura privata;In marcia / fermata / arresto;Conducente;F;Illeso;0;;Non accertato;Inesploso
5299590;1;25/02/2021 19:00:00;Strada Urbana;PIAZZA DI PORTA S. PAOLO;all'intersezione con;VIA MARMORATA;VIA MARMORATA;;;Scontro laterale fra veicoli in marcia;Incrocio;Una carreggiata a doppio senso;Asciutto;In cubetti di porfido;Verticale;Sereno;Normale;Buona;;0;0;0;2;12.4811;41.877;-1;2;Autovettura privata;In marcia / fermata / arresto;Conducente;M;Illeso;0;;Non accertato;Inesploso
5299625;4;25/02/2021 08:10:00;Strada Urbana;PIAZZA DEI VOCAZIONISTI;in corrispondenza;;del civico n.;9;;Investimento di pedone;Rotatoria;Una carreggiata a senso unico di marcia;Asciutto;Asfaltata;Verticale ed orizzontale;Sereno;Normale;Buona;;1;0;0;1;12.5163;41.9722;-1;;;;Pedone;M;Rimandato;0;NON DECEDUTO;;
5299625;4;25/02/2021 08:10:00;Strada Urbana;PIAZZA DEI VOCAZIONISTI;in corrispondenza;;del civico n.;9;;Investimento di pedone;Rotatoria;Una carreggiata a senso unico di marcia;Asciutto;Asfaltata;Verticale ed orizzontale;Sereno;Normale;Buona;;1;0;0;1;12.5163;41.9722;-1;1;Autovettura privata;In marcia / fermata / arresto;Conducente;M;Illeso;0;;;
5299629;20;25/02/2021 08:40:00;Provinciale entro l'abitato;VIA BRACCIANENSE;all'intersezione con;VIA DELLA STAZIONE DI CESANO;VIA DELLA STAZIONE DI CESANO;;;Scontro frontale/laterale SX fra veicoli in marcia;Incrocio;Una carreggiata a doppio senso;Asciutto;Asfaltata;Verticale ed orizzontale;Sereno;Normale;Buona;;0;0;0;1;12.3153;42.0365;-1;1;Autovettura privata;In marcia / fermata / arresto;Conducente;F;Illeso;0;;Non accertato;Inesploso
5299629;20;25/02/2021 08:40:00;Provinciale entro l'abitato;VIA BRACCIANENSE;all'intersezione con;VIA DELLA STAZIONE DI CESANO;VIA DELLA STAZIONE DI CESANO;;;Scontro frontale/laterale SX fra veicoli in marcia;Incrocio;Una carreggiata a doppio senso;Asciutto;Asfaltata;Verticale ed orizzontale;Sereno;Normale;Buona;;0;0;0;1;12.3153;42.0365;-1;2;Autovettura privata;Allontanatosi;;;;;;;
5299640;11;25/02/2021 20:45:00;Strada Urbana;PIAZZALE ROBERTO ARDIGO';in prossimità;;del civico n.;13;;Scontro laterale fra veicoli in marcia;Rettilineo;Una carreggiata a senso unico di marcia;Asciutto;Asfaltata;Verticale ed orizzontale;Sereno;Scarso;Buona;;0;0;0;3;12.4812;41.8419;-1;1;Autovettura privata;In marcia / fermata / arresto;Conducente;M;Illeso;0;;Non accertato;
5299640;11;25/02/2021 20:45:00;Strada Urbana;PIAZZALE ROBERTO ARDIGO';in prossimità;;del civico n.;13;;Scontro laterale fra veicoli in marcia;Rettilineo;Una carreggiata a senso unico di marcia;Asciutto;Asfaltata;Verticale ed orizzontale;Sereno;Scarso;Buona;;0;0;0;3;12.4812;41.8419;-1;1;Autovettura privata;In marcia / fermata / arresto;Passeggero;F;Illeso;0;;Non accertato;
5299640;11;25/02/2021 20:45:00;Strada Urbana;PIAZZALE ROBERTO ARDIGO';in prossimità;;del civico n.;13;;Scontro laterale fra veicoli in marcia;Rettilineo;Una carreggiata a senso unico di marcia;Asciutto;Asfaltata;Verticale ed orizzontale;Sereno;Scarso;Buona;;0;0;0;3;12.4812;41.8419;-1;2;Autovettura privata;In marcia / fermata / arresto;Conducente;F;Illeso;0;;Non accertato;
5299642;13;25/02/2021 12:00:00;Strada Urbana;VIALE LEONETTO CAPPIELLO;da specificare;;;;FRONTE CIVICO 14;Veicolo in marcia contro veicolo in sosta;Rettilineo;Due carreggiate;Asciutto;Asfaltata;Orizzontale;Sereno;Scarso;Buona;;0;0;0;0;12.3772;41.776;-1;1;Autovettura privata;Sosta;;;;;;;
5299642;13;25/02/2021 12:00:00;Strada Urbana;VIALE LEONETTO CAPPIELLO;da specificare;;;;FRONTE CIVICO 14;Veicolo in marcia contro veicolo in sosta;Rettilineo;Due carreggiate;Asciutto;Asfaltata;Orizzontale;Sereno;Scarso;Buona;;0;0;0;0;12.3772;41.776;-1;2;Altro;Allontanatosi;;;;;;;
5299645;3;24/02/2021 17:10:00;Strada Urbana;PIAZZA SALERNO;da specificare;;;;fronte civico 3;Scontro laterale fra veicoli in marcia;Rotatoria;Una carreggiata a senso unico di marcia;Asciutto;Asfaltata;Verticale ed orizzontale;Sereno;Normale;Buona;;1;0;0;1;12.5129;41.9106;-1;1;Autovettura privata;In marcia / fermata / arresto;Conducente;F;Illeso;0;;;
5299645;3;24/02/2021 17:10:00;Strada Urbana;PIAZZA SALERNO;da specificare;;;;fronte civico 3;Scontro laterale fra veicoli in marcia;Rotatoria;Una carreggiata a senso unico di marcia;Asciutto;Asfaltata;Verticale ed orizzontale;Sereno;Normale;Buona;;1;0;0;1;12.5129;41.9106;-1;2;Motociclo a solo;In marcia / fermata / arresto;Conducente;M;Ricoverato;0;NON DECEDUTO;;
5299647;1;25/02/2021 20:20:00;Strada Urbana;VIA CORSINI;in corrispondenza;;del civico n.;25;;Veicolo in marcia contro veicolo in sosta;Rettilineo;Una carreggiata a doppio senso;Asciutto;In cubetti di porfido;Assente;Sereno;Normale;Buona;;0;0;0;1;12.4666;41.8924;-1;1;Autovettura privata;Sosta;;;;;;;
5299647;1;25/02/2021 20:20:00;Strada Urbana;VIA CORSINI;in corrispondenza;;del civico n.;25;;Veicolo in marcia contro veicolo in sosta;Rettilineo;Una carreggiata a doppio senso;Asciutto;In cubetti di porfido;Assente;Sereno;Normale;Buona;;0;0;0;1;12.4666;41.8924;-1;2;Autovettura privata;In marcia / fermata / arresto;Conducente;F;Illeso;0;;Non accertato;Inesploso
5299650;20;25/02/2021 06:50:00;Provinciale;VIA BRACCIANENSE;all'intersezione con;VIA DELLA STAZIONE DI CESANO;VIA DELLA STAZIONE DI CESANO;;;Scontro frontale/laterale SX fra veicoli in marcia;Incrocio;Una carreggiata a doppio senso;Asciutto;Asfaltata;Verticale ed orizzontale;Sereno;Normale;Buona;;1;0;0;1;12.3152;42.0365;-1;1;Motociclo a solo;In marcia / fermata / arresto;Conducente;M;Rimandato;0;NON DECEDUTO;Non accertato;
5299650;20;25/02/2021 06:50:00;Provinciale;VIA BRACCIANENSE;all'intersezione con;VIA DELLA STAZIONE DI CESANO;VIA DELLA STAZIONE DI CESANO;;;Scontro frontale/laterale SX fra veicoli in marcia;Incrocio;Una carreggiata a doppio senso;Asciutto;Asfaltata;Verticale ed orizzontale;Sereno;Normale;Buona;;1;0;0;1;12.3152;42.0365;-1;2;Autovettura privata;In marcia / fermata / arresto;Conducente;M;Illeso;0;;Non accertato;Inesploso
5299656;10;25/02/2021 18:20:00;Strada Urbana;VIA TUSCOLANA;in corrispondenza;;del civico n.;1057;;Scontro laterale fra veicoli in marcia;Rettilineo;Più di due carreggiate;Asciutto;Asfaltata;Verticale ed orizzontale;Sereno;Normale;Sufficiente;;0;0;0;2;12.5749;41.849;-1;1;Autovettura privata;In marcia / fermata / arresto;Conducente;M;Illeso;0;;Non accertato;Inesploso
5299656;10;25/02/2021 18:20:00;Strada Urbana;VIA TUSCOLANA;in corrispondenza;;del civico n.;1057;;Scontro laterale fra veicoli in marcia;Rettilineo;Più di due carreggiate;Asciutto;Asfaltata;Verticale ed orizzontale;Sereno;Normale;Sufficiente;;0;0;0;2;12.5749;41.849;-1;2;Autocarro inferiore 35 q.;In marcia / fermata / arresto;Conducente;M;Illeso;0;;Non accertato;Inesploso
5299662;13;25/02/2021 15:55:00;Strada Urbana;VIA AMEDEO BOCCHI;all'intersezione con;VIA ACHILLE FUNI;VIA ACHILLE FUNI;;;Scontro laterale fra veicoli in marcia;Intersezione stradale segnalata;Una carreggiata a senso unico di marcia;Asciutto;Asfaltata;Verticale;Sereno;Normale;Buona;;0;0;0;3;12.3489;41.7741;-1;1;Autovettura privata;In marcia / fermata / arresto;Conducente;F;Illeso;0;;Utilizzato;Inesploso
5299662;13;25/02/2021 15:55:00;Strada Urbana;VIA AMEDEO BOCCHI;all'intersezione con;VIA ACHILLE FUNI;VIA ACHILLE FUNI;;;Scontro laterale fra veicoli in marcia;Intersezione stradale segnalata;Una carreggiata a senso unico di marcia;Asciutto;Asfaltata;Verticale;Sereno;Normale;Buona;;0;0;0;3;12.3489;41.7741;-1;1;Autovettura privata;In marcia / fermata / arresto;Passeggero;F;Illeso;0;;Non accertato;Inesploso
5299662;13;25/02/2021 15:55:00;Strada Urbana;VIA AMEDEO BOCCHI;all'intersezione con;VIA ACHILLE FUNI;VIA ACHILLE FUNI;;;Scontro laterale fra veicoli in marcia;Intersezione stradale segnalata;Una carreggiata a senso unico di marcia;Asciutto;Asfaltata;Verticale;Sereno;Normale;Buona;;0;0;0;3;12.3489;41.7741;-1;2;Autovettura privata;In marcia / fermata / arresto;Conducente;F;Illeso;0;;Non accertato;Inesploso
5299683;4;25/02/2021 16:15:00;Strada Urbana;VIA ADRIANO TILGHER;da specificare;;;;altezza rotatoria Via Ugo Ojetti;Tamponamento;Curva a visuale libera;Una carreggiata a senso unico di marcia;Asciutto;Asfaltata;Verticale ed orizzontale;Sereno;Normale;Buona;;0;0;0;2;12.5594;41.9484;-1;1;Autovettura privata;In marcia / fermata / arresto;Conducente;M;Illeso;0;;;
5299683;4;25/02/2021 16:15:00;Strada Urbana;VIA ADRIANO TILGHER;da specificare;;;;altezza rotatoria Via Ugo Ojetti;Tamponamento;Curva a visuale libera;Una carreggiata a senso unico di marcia;Asciutto;Asfaltata;Verticale ed orizzontale;Sereno;Normale;Buona;;0;0;0;2;12.5594;41.9484;-1;2;Autovettura privata;In marcia / fermata / arresto;Conducente;M;Illeso;0;;Non accertato;Inesploso
5299686;20;25/02/2021 08:18:00;Strada Urbana;VIA FLAMINIA;all'intersezione con;VIA MONTEROSI;VIA MONTEROSI;;;Scontro frontale/laterale SX fra veicoli in marcia;Intersezione stradale segnalata;Una carreggiata a doppio senso;Asciutto;Asfaltata;Verticale ed orizzontale;Sereno;Normale;Buona;;3;0;0;1;12.4803;41.951;-1;1;Autovettura privata;In marcia / fermata / arresto;Conducente;M;Rimandato;0;NON DECEDUTO;;
5299686;20;25/02/2021 08:18:00;Strada Urbana;VIA FLAMINIA;all'intersezione con;VIA MONTEROSI;VIA MONTEROSI;;;Scontro frontale/laterale SX fra veicoli in marcia;Intersezione stradale segnalata;Una carreggiata a doppio senso;Asciutto;Asfaltata;Verticale ed orizzontale;Sereno;Normale;Buona;;3;0;0;1;12.4803;41.951;-1;1;Autovettura privata;In marcia / fermata / arresto;Passeggero;F;Rimandato;0;NON DECEDUTO;;
5299686;20;25/02/2021 08:18:00;Strada Urbana;VIA FLAMINIA;all'intersezione con;VIA MONTEROSI;VIA MONTEROSI;;;Scontro frontale/laterale SX fra veicoli in marcia;Intersezione stradale segnalata;Una carreggiata a doppio senso;Asciutto;Asfaltata;Verticale ed orizzontale;Sereno;Normale;Buona;;3;0;0;1;12.4803;41.951;-1;1;Autovettura privata;In marcia / fermata / arresto;Passeggero;F;Rimandato;0;NON DECEDUTO;;
5299686;20;25/02/2021 08:18:00;Strada Urbana;VIA FLAMINIA;all'intersezione con;VIA MONTEROSI;VIA MONTEROSI;;;Scontro frontale/laterale SX fra veicoli in marcia;Intersezione stradale segnalata;Una carreggiata a doppio senso;Asciutto;Asfaltata;Verticale ed orizzontale;Sereno;Normale;Buona;;3;0;0;1;12.4803;41.951;-1;2;Autovettura privata;In marcia / fermata / arresto;Conducente;M;Illeso;0;;;
5299687;17;25/02/2021 15:00:00;Strada Urbana;VIA TRIONFALE;in prossimità;;del civico n.;37;;Veicolo in marcia contro veicolo in sosta;Rettilineo;Una carreggiata a doppio senso;Asciutto;Asfaltata;Orizzontale;Sereno;Normale;Buona;;0;0;0;1;12.4527;41.9122;-1;1;Autocarro inferiore 35 q.;In marcia / fermata / arresto;Conducente;M;Illeso;0;;;
5299687;17;25/02/2021 15:00:00;Strada Urbana;VIA TRIONFALE;in prossimità;;del civico n.;37;;Veicolo in marcia contro veicolo in sosta;Rettilineo;Una carreggiata a doppio senso;Asciutto;Asfaltata;Orizzontale;Sereno;Normale;Buona;;0;0;0;1;12.4527;41.9122;-1;2;Autocarro inferiore 35 q.;Sosta;;;;;;;
5299708;6;25/02/2021 17:00:00;Strada Urbana;VIA PRENESTINA;all'intersezione con;VIA ETTORE FIERAMOSCA;VIA ETTORE FIERAMOSCA;;;Veicolo in marcia contro ostacolo accidentale;Incrocio;Più di due carreggiate;Asciutto;Con buche;Verticale ed orizzontale;Sereno;Normale;Buona;;1;0;0;0;12.5281;41.8915;-1;1;Velocipede;In marcia / fermata / arresto;Conducente;M;Rimandato;0;NON DECEDUTO;Esente;
5299713;16;25/02/2021 07:00:00;Strada Urbana;VIA SAVERIO PUGLIESE;all'intersezione con;VIA ETTORE SCANDALE;VIA ETTORE SCANDALE;;;Scontro frontale/laterale DX fra veicoli in marcia;Incrocio;Una carreggiata a doppio senso;Bagnato (umidità in atto);Asfaltata;Assente;Nebbia;Scarso;Sufficiente;;1;0;0;1;12.3394;41.8441;0;1;Autovettura privata;In marcia / fermata / arresto;Conducente;F;Rimandato;0;NON DECEDUTO;Non accertato;Inesploso
5299713;16;25/02/2021 07:00:00;Strada Urbana;VIA SAVERIO PUGLIESE;all'intersezione con;VIA ETTORE SCANDALE;VIA ETTORE SCANDALE;;;Scontro frontale/laterale DX fra veicoli in marcia;Incrocio;Una carreggiata a doppio senso;Bagnato (umidità in atto);Asfaltata;Assente;Nebbia;Scarso;Sufficiente;;1;0;0;1;12.3394;41.8441;0;2;Autovettura privata;In marcia / fermata / arresto;Conducente;;Illeso;0;;;
5299720;4;25/02/2021 09:20:00;Strada Urbana;CORSO SEMPIONE;da specificare;;;;fronte civico 11;Scontro laterale fra veicoli in marcia;Rettilineo;Più di due carreggiate;Asciutto;Asfaltata;Verticale ed orizzontale;Sereno;Normale;Buona;;0;0;0;3;12.5342;41.9354;-1;1;Autovettura privata;In marcia / fermata / arresto;Conducente;M;Illeso;0;;Non accertato;Inesploso
5299720;4;25/02/2021 09:20:00;Strada Urbana;CORSO SEMPIONE;da specificare;;;;fronte civico 11;Scontro laterale fra veicoli in marcia;Rettilineo;Più di due carreggiate;Asciutto;Asfaltata;Verticale ed orizzontale;Sereno;Normale;Buona;;0;0;0;3;12.5342;41.9354;-1;1;Autovettura privata;In marcia / fermata / arresto;Passeggero;F;Illeso;0;;;
5299720;4;25/02/2021 09:20:00;Strada Urbana;CORSO SEMPIONE;da specificare;;;;fronte civico 11;Scontro laterale fra veicoli in marcia;Rettilineo;Più di due carreggiate;Asciutto;Asfaltata;Verticale ed orizzontale;Sereno;Normale;Buona;;0;0;0;3;12.5342;41.9354;-1;2;Motociclo a solo;In marcia / fermata / arresto;Conducente;M;Illeso;0;;;
5299723;20;25/02/2021 13:15:00;Strada Urbana;VIA CASSIA;da specificare;;;;f.c. 2069;Tamponamento;Rettilineo;Una carreggiata a doppio senso;Asciutto;Asfaltata;Verticale ed orizzontale;Sereno;Scarso;Buona;;2;0;0;2;12.377;42.0386;-1;1;Autovettura privata;In marcia / fermata / arresto;Conducente;F;Illeso;0;;Non accertato;Inesploso
5299723;20;25/02/2021 13:15:00;Strada Urbana;VIA CASSIA;da specificare;;;;f.c. 2069;Tamponamento;Rettilineo;Una carreggiata a doppio senso;Asciutto;Asfaltata;Verticale ed orizzontale;Sereno;Scarso;Buona;;2;0;0;2;12.377;42.0386;-1;2;Autovettura privata;In marcia / fermata / arresto;Conducente;M;Rimandato;0;NON DECEDUTO;Non accertato;Inesploso