Protocollo;Gruppo;DataOraIncidente;Localizzazione1;STRADA1;Localizzazione2;STRADA2;Strada02;Chilometrica;DaSpecificare;NaturaIncidente;particolaritastrade;TipoStrada;FondoStradale;Pavimentazione;Segnaletica;CondizioneAtmosferica;Traffico;Visibilita;Illuminazione;NUM_FERITI;NUM_RISERVATA;NUM_MORTI;NUM_ILLESI;Longitude;Latitude;Confermato;Progressivo;TipoVeicolo;StatoVeicolo;TipoPersona;Sesso;Tipolesione;Deceduto;DecedutoDopo;CinturaCascoUtilizzato;Airbag;
5303727;6;28/02/2021 17:15:00;Strada Urbana;VIA PIETRO ROVETTI;all'intersezione con;VIA ORESTE SALOMONE;VIA ORESTE SALOMONE;;;Scontro frontale/laterale SX fra veicoli in marcia;Incrocio;Una carreggiata a senso unico di marcia;Asciutto;Asfaltata;Verticale ed orizzontale;Sereno;Scarso;Buona;;0;0;0;5;12.5448;41.8778;-1;1;Autovettura privata;In marcia / fermata / arresto;Conducente;F;Illeso;0;;;
5303727;6;28/02/2021 17:15:00;Strada Urbana;VIA PIETRO ROVETTI;all'intersezione con;VIA ORESTE SALOMONE;VIA ORESTE SALOMONE;;;Scontro frontale/laterale SX fra veicoli in marcia;Incrocio;Una carreggiata a senso unico di marcia;Asciutto;Asfaltata;Verticale ed orizzontale;Sereno;Scarso;Buona;;0;0;0;5;12.5448;41.8778;-1;1;Autovettura privata;In marcia / fermata / arresto;Passeggero;F;Illeso;0;;;
5303727;6;28/02/2021 17:15:00;Strada Urbana;VIA PIETRO ROVETTI;all'intersezione con;VIA ORESTE SALOMONE;VIA ORESTE SALOMONE;;;Scontro frontale/laterale SX fra veicoli in marcia;Incrocio;Una carreggiata a senso unico di marcia;Asciutto;Asfaltata;Verticale ed orizzontale;Sereno;Scarso;Buona;;0;0;0;5;12.5448;41.8778;-1;1;Autovettura privata;In marcia / fermata / arresto;Passeggero;F;Illeso;0;;;
5303727;6;28/02/2021 17:15:00;Strada Urbana;VIA PIETRO ROVETTI;all'intersezione con;VIA ORESTE SALOMONE;VIA ORESTE SALOMONE;;;Scontro frontale/laterale SX fra veicoli in marcia;Incrocio;Una carreggiata a senso unico di marcia;Asciutto;Asfaltata;Verticale ed orizzontale;Sereno;Scarso;Buona;;0;0;0;5;12.5448;41.8778;-1;1;Autovettura privata;In marcia / fermata / arresto;Passeggero;F;Illeso;0;;;
5303727;6;28/02/2021 17:15:00;Strada Urbana;VIA PIETRO ROVETTI;all'intersezione con;VIA ORESTE SALOMONE;VIA ORESTE SALOMONE;;;Scontro frontale/laterale SX fra veicoli in marcia;Incrocio;Una carreggiata a senso unico di marcia;Asciutto;Asfaltata;Verticale ed orizzontale;Sereno;Scarso;Buona;;0;0;0;5;12.5448;41.8778;-1;2;Monopattino elettrico;In marcia / fermata / arresto;Conducente;M;Illeso;0;;;
5303744;9;28/02/2021 16:35:00;;VIA EURIALO;da specificare;;;;fronte civico 10/A;Veicolo in marcia contro veicolo in sosta;;;;;;;;;;0;0;0;0;12.5265;41.8732;0;1;Veicolo ignoto perchè FUGA;Allontanatosi;;;;;;;
5303744;9;28/02/2021 16:35:00;;VIA EURIALO;da specificare;;;;fronte civico 10/A;Veicolo in marcia contro veicolo in sosta;;;;;;;;;;0;0;0;0;12.5265;41.8732;0;2;Autovettura privata;Sosta;;;;;;;
5303763;9;28/02/2021 22:30:00;Strada Urbana;VIA TUSCOLANA;all'intersezione semaforizzata con;VIA DI PORTA FURBA;VIA DI PORTA FURBA;;;Scontro frontale/laterale SX fra veicoli in marcia;Incrocio;Due carreggiate;Asciutto;Asfaltata;Verticale ed orizzontale;Sereno;Scarso;Buona;;1;0;0;2;12.538;41.8691;-1;1;Autocarro inferiore 35 q.;In marcia / fermata / arresto;Conducente;M;Illeso;0;;Non accertato;Inesploso
5303763;9;28/02/2021 22:30:00;Strada Urbana;VIA TUSCOLANA;all'intersezione semaforizzata con;VIA DI PORTA FURBA;VIA DI PORTA FURBA;;;Scontro frontale/laterale SX fra veicoli in marcia;Incrocio;Due carreggiate;Asciutto;Asfaltata;Verticale ed orizzontale;Sereno;Scarso;Buona;;1;0;0;2;12.538;41.8691;-1;2;Autovettura privata;In marcia / fermata / arresto;Conducente;F;Rimandato;0;NON DECEDUTO;;
5303763;9;28/02/2021 22:30:00;Strada Urbana;VIA TUSCOLANA;all'intersezione semaforizzata con;VIA DI PORTA FURBA;VIA DI PORTA FURBA;;;Scontro frontale/laterale SX fra veicoli in marcia;Incrocio;Due carreggiate;Asciutto;Asfaltata;Verticale ed orizzontale;Sereno;Scarso;Buona;;1;0;0;2;12.538;41.8691;-1;2;Autovettura privata;In marcia / fermata / arresto;Passeggero;F;Illeso;0;;Non accertato;Inesploso
5303782;18;27/02/2021 21:10:00;Strada Urbana;VIA DEL QUARTACCIO;in corrispondenza;;del civico n.;54;;Scontro frontale fra veicoli in marcia;Curva a visuale libera;Una carreggiata a doppio senso;Asciutto;Asfaltata;Verticale ed orizzontale;Sereno;Scarso;Sufficiente;;0;0;0;4;12.391;41.9179;-1;1;Autovettura privata;In marcia / fermata / arresto;Conducente;F;Illeso;0;;Non accertato;Inesploso
5303782;18;27/02/2021 21:10:00;Strada Urbana;VIA DEL QUARTACCIO;in corrispondenza;;del civico n.;54;;Scontro frontale fra veicoli in marcia;Curva a visuale libera;Una carreggiata a doppio senso;Asciutto;Asfaltata;Verticale ed orizzontale;Sereno;Scarso;Sufficiente;;0;0;0;4;12.391;41.9179;-1;1;Autovettura privata;In marcia / fermata / arresto;Passeggero;F;Illeso;0;;Non accertato;Inesploso
5303782;18;27/02/2021 21:10:00;Strada Urbana;VIA DEL QUARTACCIO;in corrispondenza;;del civico n.;54;;Scontro frontale fra veicoli in marcia;Curva a visuale libera;Una carreggiata a doppio senso;Asciutto;Asfaltata;Verticale ed orizzontale;Sereno;Scarso;Sufficiente;;0;0;0;4;12.391;41.9179;-1;2;Autovettura privata;In marcia / fermata / arresto;Conducente;F;Illeso;0;;Non accertato;Esploso
5303782;18;27/02/2021 21:10:00;Strada Urbana;VIA DEL QUARTACCIO;in corrispondenza;;del civico n.;54;;Scontro frontale fra veicoli in marcia;Curva a visuale libera;Una carreggiata a doppio senso;Asciutto;Asfaltata;Verticale ed orizzontale;Sereno;Scarso;Sufficiente;;0;0;0;4;12.391;41.9179;-1;2;Autovettura privata;In marcia / fermata / arresto;Passeggero;F;Illeso;0;;Non accertato;Esploso
5303790;12;26/02/2021 17:30:00;Regionale;VIA PONTINA;in prossimità;;della chilometrica;15.9;;Scontro laterale fra veicoli in marcia;Curva a visuale libera;Due carreggiate;Asciutto;Asfaltata;Verticale ed orizzontale;Sereno;Intenso;Buona;;0;0;0;2;12.4522;41.794;-1;1;Autovettura privata;In marcia / fermata / arresto;Conducente;M;Illeso;0;;Non accertato;Inesploso
5303790;12;26/02/2021 17:30:00;Regionale;VIA PONTINA;in prossimità;;della chilometrica;15.9;;Scontro laterale fra veicoli in marcia;Curva a visuale libera;Due carreggiate;Asciutto;Asfaltata;Verticale ed orizzontale;Sereno;Intenso;Buona;;0;0;0;2;12.4522;41.794;-1;2;Autocarro superiore 35 q.;In marcia / fermata / arresto;Conducente;M;Illeso;0;;;
5303792;7;28/02/2021 17:10:00;Strada Urbana;VIA CASILINA;da specificare;;;;all'altezza del palo luce  267;Infortunio per sola frenata improvvisa;Rettilineo;Due carreggiate;Asciutto;Asfaltata;Verticale ed orizzontale;Sereno;Intenso;Buona;;2;0;0;0;12.5615;41.8752;-1;1;Autovettura privata;Sosta;;;;;;;
5303792;7;28/02/2021 17:10:00;Strada Urbana;VIA CASILINA;da specificare;;;;all'altezza del palo luce  267;Infortunio per sola frenata improvvisa;Rettilineo;Due carreggiate;Asciutto;Asfaltata;Verticale ed orizzontale;Sereno;Intenso;Buona;;2;0;0;0;12.5615;41.8752;-1;2;Motociclo con passeggero;In marcia / fermata / arresto;Conducente;M;Ricoverato;0;NON DECEDUTO;;
5303792;7;28/02/2021 17:10:00;Strada Urbana;VIA CASILINA;da specificare;;;;all'altezza del palo luce  267;Infortunio per sola frenata improvvisa;Rettilineo;Due carreggiate;Asciutto;Asfaltata;Verticale ed orizzontale;Sereno;Intenso;Buona;;2;0;0;0;12.5615;41.8752;-1;2;Motociclo con passeggero;In marcia / fermata / arresto;Passeggero;F;Ricoverato;0;NON DECEDUTO;;
5303837;4;28/02/2021 07:17:00;Strada Urbana;VIA MARCIANA MARINA;all'intersezione con;VIA SALARIA;VIA SALARIA;;;Tamponamento;Incrocio;Due carreggiate;Asciutto;Asfaltata;Verticale ed orizzontale;Sereno;Normale;Buona;;0;0;0;2;12.5051;41.9424;-1;1;Autovettura privata;In marcia / fermata / arresto;Conducente;M;Illeso;0;;;
5303837;4;28/02/2021 07:17:00;Strada Urbana;VIA MARCIANA MARINA;all'intersezione con;VIA SALARIA;VIA SALARIA;;;Tamponamento;Incrocio;Due carreggiate;Asciutto;Asfaltata;Verticale ed orizzontale;Sereno;Normale;Buona;;0;0;0;2;12.5051;41.9424;-1;2;Autovettura privata;In marcia / fermata / arresto;Conducente;M;Illeso;0;;;
5303846;1;05/02/2021 23:00:00;Strada Urbana;VIA PRINCIPE EUGENIO;in prossimità;;del civico n.;96;;Veicolo in marcia contro ostacolo accidentale;Rettilineo;Più di due carreggiate;Viscido da liquidi oleosi;Asfaltata;Verticale;Sereno;Scarso;Sufficiente;;0;0;0;1;12.5068;41.8942;-1;1;Motociclo a solo;In marcia / fermata / arresto;Conducente;M;Illeso;0;;Non accertato;
5303846;1;05/02/2021 23:00:00;Strada Urbana;VIA PRINCIPE EUGENIO;in prossimità;;del civico n.;96;;Veicolo in marcia contro ostacolo accidentale;Rettilineo;Più di due carreggiate;Viscido da liquidi oleosi;Asfaltata;Verticale;Sereno;Scarso;Sufficiente;;0;0;0;1;12.5068;41.8942;-1;2;Autovettura privata;In marcia / fermata / arresto;;;;;;;
5303861;12;26/02/2021 13:35:00;Strada Urbana;VIA OSTIENSE;all'intersezione con;VIA SARSINA;VIA SARSINA;;;Tamponamento;Intersezione stradale segnalata;Una carreggiata a doppio senso;Asciutto;Asfaltata;Verticale ed orizzontale;Sereno;Normale;Buona;;0;0;0;3;12.4062;41.7962;-1;1;Autovettura privata;In marcia / fermata / arresto;Conducente;M;Illeso;0;;Non accertato;Inesploso
5303861;12;26/02/2021 13:35:00;Strada Urbana;VIA OSTIENSE;all'intersezione con;VIA SARSINA;VIA SARSINA;;;Tamponamento;Intersezione stradale segnalata;Una carreggiata a doppio senso;Asciutto;Asfaltata;Verticale ed orizzontale;Sereno;Normale;Buona;;0;0;0;3;12.4062;41.7962;-1;2;Autocarro inferiore 35 q.;In marcia / fermata / arresto;Conducente;M;Illeso;0;;Non accertato;Inesploso
5303861;12;26/02/2021 13:35:00;Strada Urbana;VIA OSTIENSE;all'intersezione con;VIA SARSINA;VIA SARSINA;;;Tamponamento;Intersezione stradale segnalata;Una carreggiata a doppio senso;Asciutto;Asfaltata;Verticale ed orizzontale;Sereno;Normale;Buona;;0;0;0;3;12.4062;41.7962;-1;2;Autocarro inferiore 35 q.;In marcia / fermata / arresto;Passeggero;M;Illeso;0;;Non accertato;Inesploso
5303866;7;28/02/2021 18:06:00;Strada Urbana;VIA DELLE SUSINE;in corrispondenza;;del civico n.;10;;Veicolo in marcia contro veicoli in sosta;Curva senza visuale libera;Una carreggiata a senso unico di marcia;Asciutto;Asfaltata;Assente;Sereno;Scarso;Sufficiente;;2;0;0;1;12.5797;41.8853;0;1;Autovettura privata;In marcia / fermata / arresto;Conducente;M;Illeso;0;;Non accertato;Esploso
5303866;7;28/02/2021 18:06:00;Strada Urbana;VIA DELLE SUSINE;in corrispondenza;;del civico n.;10;;Veicolo in marcia contro veicoli in sosta;Curva senza visuale libera;Una carreggiata a senso unico di marcia;Asciutto;Asfaltata;Assente;Sereno;Scarso;Sufficiente;;2;0;0;1;12.5797;41.8853;0;1;Autovettura privata;In marcia / fermata / arresto;Passeggero;M;Rimandato;0;NON DECEDUTO;Non accertato;Esploso
5303866;7;28/02/2021 18:06:00;Strada Urbana;VIA DELLE SUSINE;in corrispondenza;;del civico n.;10;;Veicolo in marcia contro veicoli in sosta;Curva senza visuale libera;Una carreggiata a senso unico di marcia;Asciutto;Asfaltata;Assente;Sereno;Scarso;Sufficiente;;2;0;0;1;12.5797;41.8853;0;2;Autovettura privata;In marcia / fermata / arresto;Conducente;M;Rimandato;0;NON DECEDUTO;Non accertato;Inesploso
5303866;7;28/02/2021 18:06:00;Strada Urbana;VIA DELLE SUSINE;in corrispondenza;;del civico n.;10;;Veicolo in marcia contro veicoli in sosta;Curva senza visuale libera;Una carreggiata a senso unico di marcia;Asciutto;Asfaltata;Assente;Sereno;Scarso;Sufficiente;;2;0;0;1;12.5797;41.8853;0;3;Autovettura privata;Sosta;;;;;;;
5303872;17;26/02/2021 14:00:00;Strada Urbana;CIRCONVALLAZIONE CLODIA;all'intersezione con;VIA MARIO AMATO;VIA MARIO AMATO;;;Infortunio per caduta del veicolo;Incrocio;Due carreggiate;Asciutto;Asfaltata;Verticale ed orizzontale;Sereno;Normale;Buona;;0;0;1;1;12.4521;41.9146;-1;1;Motociclo a solo;In marcia / fermata / arresto;Conducente;M;Deceduto sul posto;-1;;;
5303872;17;26/02/2021 14:00:00;Strada Urbana;CIRCONVALLAZIONE CLODIA;all'intersezione con;VIA MARIO AMATO;VIA MARIO AMATO;;;Infortunio per caduta del veicolo;Incrocio;Due carreggiate;Asciutto;Asfaltata;Verticale ed orizzontale;Sereno;Normale;Buona;;0;0;1;1;12.4521;41.9146;-1;2;Autovettura privata;In marcia / fermata / arresto;Conducente;M;Illeso;0;;Non accertato;
5303874;23;28/02/2021 16:20:00;Strada Urbana;VIA EMANUELE GIANTURCO;in corrispondenza;;del civico n.;3;;Veicolo in marcia contro veicolo in sosta;Rettilineo;Una carreggiata a doppio senso;Asciutto;Asfaltata;Verticale ed orizzontale;Sereno;Intenso;Buona;;0;0;0;1;12.4738;41.9138;-1;1;Autovettura privata;In marcia / fermata / arresto;Conducente;M;Illeso;0;;Non accertato;Inesploso
5303874;23;28/02/2021 16:20:00;Strada Urbana;VIA EMANUELE GIANTURCO;in corrispondenza;;del civico n.;3;;Veicolo in marcia contro veicolo in sosta;Rettilineo;Una carreggiata a doppio senso;Asciutto;Asfaltata;Verticale ed orizzontale;Sereno;Intenso;Buona;;0;0;0;1;12.4738;41.9138;-1;2;Autovettura privata;Sosta;;;;;;;
5303875;17;27/02/2021 13:45:00;Strada Urbana;VIA LEONE IV;in prossimità;;del civico n.;155;;Scontro laterale fra veicoli in marcia;Rettilineo;Una carreggiata a doppio senso;Asciutto;Asfaltata;Verticale ed orizzontale;Sereno;Normale;Buona;;0;0;0;3;12.455;41.9102;-1;1;Motociclo con passeggero;In marcia / fermata / arresto;Conducente;M;Illeso;0;;;
5303875;17;27/02/2021 13:45:00;Strada Urbana;VIA LEONE IV;in prossimità;;del civico n.;155;;Scontro laterale fra veicoli in marcia;Rettilineo;Una carreggiata a doppio senso;Asciutto;Asfaltata;Verticale ed orizzontale;Sereno;Normale;Buona;;0;0;0;3;12.455;41.9102;-1;1;Motociclo con passeggero;In marcia / fermata / arresto;Passeggero;M;Illeso;0;;;
5303875;17;27/02/2021 13:45:00;Strada Urbana;VIA LEONE IV;in prossimità;;del civico n.;155;;Scontro laterale fra veicoli in marcia;Rettilineo;Una carreggiata a doppio senso;Asciutto;Asfaltata;Verticale ed orizzontale;Sereno;Normale;Buona;;0;0;0;3;12.455;41.9102;-1;2;Autovettura privata;In marcia / fermata / arresto;Conducente;M;Illeso;0;;;
5303900;23;28/02/2021 20:10:00;Strada Urbana;VIA DEL CANALE DELLA LINGUA;all'intersezione con;VIALE DI CASTEL PORZIANO;VIALE DI CASTEL PORZIANO;;;Scontro frontale/laterale SX fra veicoli in marcia;Incrocio;Una carreggiata a doppio senso;Asciutto;Asfaltata;Verticale ed orizzontale;Sereno;Normale;Sufficiente;;1;0;0;2;12.3403;41.7412;-1;1;Autovettura privata;In marcia / fermata / arresto;Conducente;M;Illeso;0;;;
5303900;23;28/02/2021 20:10:00;Strada Urbana;VIA DEL CANALE DELLA LINGUA;all'intersezione con;VIALE DI CASTEL PORZIANO;VIALE DI CASTEL PORZIANO;;;Scontro frontale/laterale SX fra veicoli in marcia;Incrocio;Una carreggiata a doppio senso;Asciutto;Asfaltata;Verticale ed orizzontale;Sereno;Normale;Sufficiente;;1;0;0;2;12.3403;41.7412;-1;2;Autovettura privata;In marcia / fermata / arresto;Conducente;M;Rimandato;0;NON DECEDUTO;;
5303900;23;28/02/2021 20:10:00;Strada Urbana;VIA DEL CANALE DELLA LINGUA;all'intersezione con;VIALE DI CASTEL PORZIANO;VIALE DI CASTEL PORZIANO;;;Scontro frontale/laterale SX fra veicoli in marcia;Incrocio;Una carreggiata a doppio senso;Asciutto;Asfaltata;Verticale ed orizzontale;Sereno;Normale;Sufficiente;;1;0;0;2;12.3403;41.7412;-1;3;Autovettura privata;In marcia / fermata / arresto;Conducente;M;Illeso;0;;;
5303937;12;28/02/2021 20:35:00;Strada Urbana;VIA CRISTOFORO COLOMBO;in corrispondenza;;della chilometrica;15.7;;Veicolo in marcia contro ostacolo fisso;Rettilineo;Due carreggiate;Asciutto;Asfaltata;Verticale ed orizzontale;Sereno;Scarso;Insufficiente;;0;0;0;3;12.4518;41.8067;-1;1;Autovettura privata;In marcia / fermata / arresto;Conducente;M;Illeso;0;;Utilizzato;Inesploso
5303937;12;28/02/2021 20:35:00;Strada Urbana;VIA CRISTOFORO COLOMBO;in corrispondenza;;della chilometrica;15.7;;Veicolo in marcia contro ostacolo fisso;Rettilineo;Due carreggiate;Asciutto;Asfaltata;Verticale ed orizzontale;Sereno;Scarso;Insufficiente;;0;0;0;3;12.4518;41.8067;-1;1;Autovettura privata;In marcia / fermata / arresto;Passeggero;M;Illeso;0;;Utilizzato;
5303937;12;28/02/2021 20:35:00;Strada Urbana;VIA CRISTOFORO COLOMBO;in corrispondenza;;della chilometrica;15.7;;Veicolo in marcia contro ostacolo fisso;Rettilineo;Due carreggiate;Asciutto;Asfaltata;Verticale ed orizzontale;Sereno;Scarso;Insufficiente;;0;0;0;3;12.4518;41.8067;-1;1;Autovettura privata;In marcia / fermata / arresto;Passeggero;F;Illeso;0;;Utilizzato;
5303941;17;27/02/2021 17:30:00;Strada Urbana;LUNGOTEVERE DEI MELLINI;in corrispondenza;;del civico n.;28;;Scontro laterale fra veicoli in marcia;Rettilineo;Due carreggiate;Asciutto;Asfaltata;Verticale ed orizzontale;Sereno;Normale;Buona;;0;0;0;4;12.4732;41.9071;-1;1;Autovettura privata;In marcia / fermata / arresto;Conducente;M;Illeso;0;;;
5303941;17;27/02/2021 17:30:00;Strada Urbana;LUNGOTEVERE DEI MELLINI;in corrispondenza;;del civico n.;28;;Scontro laterale fra veicoli in marcia;Rettilineo;Due carreggiate;Asciutto;Asfaltata;Verticale ed orizzontale;Sereno;Normale;Buona;;0;0;0;4;12.4732;41.9071;-1;1;Autovettura privata;In marcia / fermata / arresto;Passeggero;F;Illeso;0;;;
5303941;17;27/02/2021 17:30:00;Strada Urbana;LUNGOTEVERE DEI MELLINI;in corrispondenza;;del civico n.;28;;Scontro laterale fra veicoli in marcia;Rettilineo;Due carreggiate;Asciutto;Asfaltata;Verticale ed orizzontale;Sereno;Normale;Buona;;0;0;0;4;12.4732;41.9071;-1;2;Autovettura privata;In marcia / fermata / arresto;Conducente;M;Illeso;0;;;
5303941;17;27/02/2021 17:30:00;Strada Urbana;LUNGOTEVERE DEI MELLINI;in corrispondenza;;del civico n.;28;;Scontro laterale fra veicoli in marcia;Rettilineo;Due carreggiate;Asciutto;Asfaltata;Verticale ed orizzontale;Sereno;Normale;Buona;;0;0;0;4;12.4732;41.9071;-1;2;Autovettura privata;In marcia / fermata / arresto;Passeggero;F;Illeso;0;;;
5303941;17;27/02/2021 17:30:00;Strada Urbana;LUNGOTEVERE DEI MELLINI;in corrispondenza;;del civico n.;28;;Scontro laterale fra veicoli in marcia;Rettilineo;Due carreggiate;Asciutto;Asfaltata;Verticale ed orizzontale;Sereno;Normale;Buona;;0;0;0;4;12.4732;41.9071;-1;3;Autovettura privata;Sosta;;;;;;;
5303941;17;27/02/2021 17:30:00;Strada Urbana;LUNGOTEVERE DEI MELLINI;in corrispondenza;;del civico n.;28;;Scontro laterale fra veicoli in marcia;Rettilineo;Due carreggiate;Asciutto;Asfaltata;Verticale ed orizzontale;Sereno;Normale;Buona;;0;0;0;4;12.4732;41.9071;-1;4;Autovettura privata;Sosta;;;;;;;
5303944;2;28/02/2021 12:35:00;Strada Urbana;VIA SALARIA;all'intersezione con;VIA POGGIO MOIANO;VIA POGGIO MOIANO;;;Tamponamento;Incrocio;Una carreggiata a doppio senso;Asciutto;Asfaltata;Verticale ed orizzontale;Sereno;Normale;Buona;;1;0;0;1;12.509;41.9347;-1;1;Autocarro inferiore 35 q.;In marcia / fermata / arresto;Conducente;M;Illeso;0;;;
5303944;2;28/02/2021 12:35:00;Strada Urbana;VIA SALARIA;all'intersezione con;VIA POGGIO MOIANO;VIA POGGIO MOIANO;;;Tamponamento;Incrocio;Una carreggiata a doppio senso;Asciutto;Asfaltata;Verticale ed orizzontale;Sereno;Normale;Buona;;1;0;0;1;12.509;41.9347;-1;2;Velocipede;In marcia / fermata / arresto;Conducente;M;Ricoverato;0;NON DECEDUTO;Esente;
5303948;2;28/02/2021 19:10:00;Strada Urbana;PIAZZALE DI VILLA GIULIA;da specificare;;;;pross. via di Villa Giulia;Ribaltamento senza urto contro ostacolo fisso;Curva a visuale libera;Una carreggiata a doppio senso;Asciutto;Asfaltata;Verticale ed orizzontale;Sereno;Scarso;Sufficiente;;2;0;0;0;12.4777;41.9184;-1;1;Autovettura privata;In marcia / fermata / arresto;Conducente;M;Rimandato;0;NON DECEDUTO;Non accertato;Inesploso
5303948;2;28/02/2021 19:10:00;Strada Urbana;PIAZZALE DI VILLA GIULIA;da specificare;;;;pross. via di Villa Giulia;Ribaltamento senza urto contro ostacolo fisso;Curva a visuale libera;Una carreggiata a doppio senso;Asciutto;Asfaltata;Verticale ed orizzontale;Sereno;Scarso;Sufficiente;;2;0;0;0;12.4777;41.9184;-1;1;Autovettura privata;In marcia / fermata / arresto;Passeggero;F;Rimandato;0;NON DECEDUTO;Non accertato;Inesploso
5303950;7;28/02/2021 20:15:00;Strada Urbana;VIALE PALMIRO TOGLIATTI;da specificare;;;;altezza palo luce 112;Tamponamento;Rettilineo;Due carreggiate;Asciutto;Asfaltata;Verticale ed orizzontale;Sereno;Normale;Buona;;0;0;0;5;12.5683;41.8692;-1;1;Autovettura privata;In marcia / fermata / arresto;Conducente;M;Illeso;0;;;
5303950;7;28/02/2021 20:15:00;Strada Urbana;VIALE PALMIRO TOGLIATTI;da specificare;;;;altezza palo luce 112;Tamponamento;Rettilineo;Due carreggiate;Asciutto;Asfaltata;Verticale ed orizzontale;Sereno;Normale;Buona;;0;0;0;5;12.5683;41.8692;-1;1;Autovettura privata;In marcia / fermata / arresto;Passeggero;F;Illeso;0;;Non accertato;Inesploso
5303950;7;28/02/2021 20:15:00;Strada Urbana;VIALE PALMIRO TOGLIATTI;da specificare;;;;altezza palo luce 112;Tamponamento;Rettilineo;Due carreggiate;Asciutto;Asfaltata;Verticale ed orizzontale;Sereno;Normale;Buona;;0;0;0;5;12.5683;41.8692;-1;1;Autovettura privata;In marcia / fermata / arresto;Passeggero;F;Illeso;0;;Non accertato;Inesploso
5303950;7;28/02/2021 20:15:00;Strada Urbana;VIALE PALMIRO TOGLIATTI;da specificare;;;;altezza palo luce 112;Tamponamento;Rettilineo;Due carreggiate;Asciutto;Asfaltata;Verticale ed orizzontale;Sereno;Normale;Buona;;0;0;0;5;12.5683;41.8692;-1;1;Autovettura privata;In marcia / fermata / arresto;Passeggero;M;Illeso;0;;Non accertato;Inesploso
5303950;7;28/02/2021 20:15:00;Strada Urbana;VIALE PALMIRO TOGLIATTI;da specificare;;;;altezza palo luce 112;Tamponamento;Rettilineo;Due carreggiate;Asciutto;Asfaltata;Verticale ed orizzontale;Sereno;Normale;Buona;;0;0;0;5;12.5683;41.8692;-1;2;Autovettura privata;In marcia / fermata / arresto;Conducente;M;Illeso;0;;Non accertato;Inesploso
5304032;7;27/02/2021 11:40:00;Strada Urbana;VIALE PALMIRO TOGLIATTI;in prossimità;;del civico n.;683;;Infortunio per sola frenata improvvisa;Rettilineo;Una carreggiata a senso unico di marcia;Bagnato (pioggia);Asfaltata;Verticale ed orizzontale;Nuvoloso;Normale;Buona;;1;0;0;2;12.5727;41.8803;-1;1;Autovettura privata;In marcia / fermata / arresto;Conducente;M;Illeso;0;;Non accertato;Inesploso
5304032;7;27/02/2021 11:40:00;Strada Urbana;VIALE PALMIRO TOGLIATTI;in prossimità;;del civico n.;683;;Infortunio per sola frenata improvvisa;Rettilineo;Una carreggiata a senso unico di marcia;Bagnato (pioggia);Asfaltata;Verticale ed orizzontale;Nuvoloso;Normale;Buona;;1;0;0;2;12.5727;41.8803;-1;1;Autovettura privata;In marcia / fermata / arresto;Passeggero;F;Illeso;0;;Non accertato;Inesploso
5304032;7;27/02/2021 11:40:00;Strada Urbana;VIALE PALMIRO TOGLIATTI;in prossimità;;del civico n.;683;;Infortunio per sola frenata improvvisa;Rettilineo;Una carreggiata a senso unico di marcia;Bagnato (pioggia);Asfaltata;Verticale ed orizzontale;Nuvoloso;Normale;Buona;;1;0;0;2;12.5727;41.8803;-1;2;Motociclo a solo;In marcia / fermata / arresto;Conducente;M;Ricoverato;0;NON DECEDUTO;Non accertato;
5304041;17;28/02/2021 11:40:00;Strada Urbana;CIRCONVALLAZIONE TRIONFALE;all'intersezione semaforizzata con;VIA TRIONFALE;VIA TRIONFALE;;;Scontro laterale fra veicoli in marcia;Intersezione semaforizzata;Due carreggiate;Asciutto;Asfaltata;Verticale ed orizzontale;Sereno;Normale;Buona;;0;0;0;3;12.4512;41.9138;-1;1;Autovettura di polizia;In marcia / fermata / arresto;Conducente;M;Illeso;0;;;
5304041;17;28/02/2021 11:40:00;Strada Urbana;CIRCONVALLAZIONE TRIONFALE;all'intersezione semaforizzata con;VIA TRIONFALE;VIA TRIONFALE;;;Scontro laterale fra veicoli in marcia;Intersezione semaforizzata;Due carreggiate;Asciutto;Asfaltata;Verticale ed orizzontale;Sereno;Normale;Buona;;0;0;0;3;12.4512;41.9138;-1;1;Autovettura di polizia;In marcia / fermata / arresto;Passeggero;M;Illeso;0;;;
5304041;17;28/02/2021 11:40:00;Strada Urbana;CIRCONVALLAZIONE TRIONFALE;all'intersezione semaforizzata con;VIA TRIONFALE;VIA TRIONFALE;;;Scontro laterale fra veicoli in marcia;Intersezione semaforizzata;Due carreggiate;Asciutto;Asfaltata;Verticale ed orizzontale;Sereno;Normale;Buona;;0;0;0;3;12.4512;41.9138;-1;2;Motociclo a solo;In marcia / fermata / arresto;Conducente;M;Illeso;0;;;
5304144;16;26/02/2021 13:40:00;Strada Urbana;VIA DEGLI ALDOBRANDESCHI;all'intersezione con;VIA DI VILLA TROILI;VIA DI VILLA TROILI;;;Veicolo in marcia contro ostacolo accidentale;Incrocio;Una carreggiata a doppio senso;Bagnato (pioggia);Asfaltata;Verticale ed orizzontale;Sereno;Normale;Buona;;1;0;0;8;12.4056;41.8832;-1;1;Autovettura privata;In marcia / fermata / arresto;Conducente;M;Illeso;0;;Non accertato;Inesploso
5304144;16;26/02/2021 13:40:00;Strada Urbana;VIA DEGLI ALDOBRANDESCHI;all'intersezione con;VIA DI VILLA TROILI;VIA DI VILLA TROILI;;;Veicolo in marcia contro ostacolo accidentale;Incrocio;Una carreggiata a doppio senso;Bagnato (pioggia);Asfaltata;Verticale ed orizzontale;Sereno;Normale;Buona;;1;0;0;8;12.4056;41.8832;-1;1;Autovettura privata;In marcia / fermata / arresto;Passeggero;M;Illeso;0;;Non accertato;Inesploso